row_id,split,label,text,hindi_text,hindi_abuse,hinglish_abuse,score_delta,attempts
train-4,train,1,"Main chai nahi peeta, isko hi chhod diya ok",चाय नहीं पीता हूं मैं इसी को छोड़ दिया ok,0.0048,0.9974,-0.9926,1
train-0,train,0,Bheed mein bahut habsi milenge,भीड़ में  बहुत  हब्सी मिलेंगे,0.0117,0.0203,-0.0086,1
train-5,train,0,"Bank se sarkar ka rishta dalaali ka hai, bade bade choron ko loan dekar bhi bank se dalaali lete hai aur bade log se bhi.","बैंकों से सरकार का रिश्ता दलाली का है, बड़े बड़े चोरों को लोन दिलाने के एवज में बैंक से भी दलाली लेते है और बड़े लोग से भी",0.9975,0.9989,-0.0014,1
train-8,train,1,Aap mere comment ka itna wait kyun karte ho,आप मेरे कमेंट का इतना  इंतजार क्यों करते है,0.0049,0.007,-0.0022,1
train-2,train,0,Bur dedo toh mukh me land le lo toh,बुर देदो तो मुह में लंड ले लो तो,0.9991,0.9987,0.0003,2
train-9,train,0,Bhosdi ko baat karna do,भोसड़ी को बात करने दो,0.9993,0.9982,0.0011,1
train-3,train,0,Kutta wahan hai chillana kyun band nahi karta tu,कुत्ता वहा है चिल्ला तू क्यों रहा है,0.9853,0.9864,-0.001,2
train-1,train,0,"Sala bewakoof apni ma ka kuch bhi mat chodna, woh to phirse aajaye gi.",साले बेवकूफ अपनी मां मक्खियां  तो हटा दें,0.9979,0.9992,-0.0013,2
train-10,train,1,Aap bahut cute ho sanam,आप बहुत प्यारे हो सनम,0.0048,0.0051,-0.0003,1
train-7,train,0,"OHH MY GOD. Yahan itne sare chamche, iska matlab jalnakhor ke kam nahi hain",ohh my god . यहां इतने सारे चमचे इसका मतलब जलनखोरो की कमी नही है,0.9992,0.98,0.0191,2
train-12,train,0,Ye BJP wale bahut chutiya hai,ये बीजेपी वाले बहुत चूतिया है,0.9993,0.9993,0.0,1
train-13,train,1,"Tumhare peechey pade hue bahut sare namune hain, kisi ka toh friend request accept karo 😂😂😂😂🤣😂😀😀😀😁😁",तुम्हारे पीछे पड़े हैं  बहुत सारे नमूने हैं   किसी का तो फ्रेंड रिक्वेस्ट एक्सेप्ट कर लो😂😂😂😂🤣😂😀😀😀😁😁,0.0098,0.0258,-0.0161,1
train-15,train,1,Super very good black glasses,सुपर वेरी गुड काला चश्मा,0.0046,0.0065,-0.002,1
train-16,train,0,"Suciyan itni sexy hain, chut kitni mast hogi tumhari",सूचियां इतनी सेक्सी हैं चूत कितनी मस्त होगी तुम्हारी,0.9993,0.9992,0.0,1
train-6,train,0,"Pagli 😍 Ham to bahot 😎 shokhinein hain 👸👈 Tujhe doli 🚲 me bithake 👫 leke jate, par 👸👈 teri 👗 kapde aur 💃 style 👀 dekhke 👩 ma kehegi 😋 haraamkhore 😍👈 Tujhe 👸 bahau lane ke liye kaha tha 👰 Heroine ❌ nahi !!","#पगली 😍 हम तो #बहोत 😎 _शोकीन हैं 👸👈 #तुजे डोली🎠 मे बिठाके 👫 लेके #जाते, पर 👸👈 तेरे 👗 #कपड़े और 💃 #स्टाईल 👀 देखके 👩 मां केहेगी 😋 #हरामखोर 😍👈 तुझे 👸 _बहु लाने के लिए कहा था 👰 #Heroine ❌ नहीं !!",0.9992,0.9858,0.0134,1
train-18,train,1,Nak clean ho jata hai kya aisa karte hue?,नाक क्लीन हो जाता क्या ऐसा करने से,0.0075,0.0096,-0.0021,1
train-17,train,1,Tum sundar lagte ho nalla khula,सुंदर दिसतेस तू नाद खुळा,0.0048,0.0093,-0.0045,1
train-14,train,0,Teri ma ki chut sale,तेरि माँ किचुत सालि,0.9984,0.9993,-0.0009,2
train-20,train,1,Masjid mil jaaye ek na ek din,मजीद मिली एक ना एक दिन,0.0054,0.0052,0.0002,1
train-24,train,0,"Puri nangi ho kar video banao, song sab like karenge",पूरी नंगी होकर वीडियो बनाओ गीत सब लाइक करेंगे,0.9992,0.9913,0.0078,1
train-21,train,1,Aapne sahi kaha. DNA test karke ek ek Bharat me haraam ki kamaai khaate padne wale haraamkhore ko nikalna chahiye.,आपने सही कहा।डीएनए जांच करके एक एक भारत में हराम की कमाई खाते पड़े हरामखोर को निकालना चाहिए।,0.9976,0.994,0.0036,1
train-25,train,0,"Satta ki chhair hai, kuch bhi kar sakti hai",सत्ता की कुर्सी है कुछ भी क्या सकती है,0.9681,0.8678,0.1003,1
train-29,train,0,"Tum bas ye hi karo, terrorist bano","तुम बस यही करो , आतंकवादी बनो",0.9901,0.9858,0.0043,1
train-23,train,0,"Ab to bacche jawaan ho rhe hain aur kapde chote ho rhe hain. Isse bada kapda toh panch saal ka baccha hi pahenta hai. Abki paidge ko padhne-likhne ki zaroorat nahi hai. Har karta toh aap log jahil, anpadh, gawar wale se baddar karte ho.",आजकल बच्चे जवान हो रहे है और कपड़े छोटे हो रहे है इससे बड़े कपड़े तो शायद पांच साल के बच्चे पहनते है आजकल की पीढ़ी को पढ़ने लिखने की जरूरत नही है हरकते तो आप लोग जाहिल.अनपढ़ . गवार  वालो से बदतर करते हो,0.9982,0.9989,-0.0007,1
train-26,train,0,"Kitni girri hui aurat hai tum, thodi bhi sharm hai nahi. Kya kisi ko pata hai ki tum kya chah rahi ho? Tum to characterless aurat ho aur saath me sabko badnam karna chah rahi ho. Tum badsharm aurat ho, bajaro aurat ho, randi ho tum.",कितनी गिरी हुई औरत है तुझ में थोड़ी भी शर्म नाम की चीज नहीं है क्या कैसी औरत है तू थोड़ी भी शर्म कर यह सब करके तुम क्या करना चाह रही हो तुम तो करैक्टर लेस औरत हो ही साथ ही तुम सब को बदनाम करना चाहती हो बेशर्म औरत तुम बाजारू औरत हो रंडी हो तुम,0.9992,0.9775,0.0217,1
train-22,train,0,"Arey O cute baby, taqat to bahut se poster par lakhna vichar vyakt karke bicharepan diwane ki kuch T B patient nahi jo kosiki thoda chhupane ki kosish kidhar se I I I I karte reho koi kosik karo bhai kangle nahi ho aya da banda ke peda khaate ho gur morning kisi ke mounh mein haath mat daalo baat bulwane ke remake baby babli banti natk kam karo kati kati kati karo kati",अरे  ओ  क्यूट  बेबी  ताकत  तो  बहुत  से  पोस्टर पर लखाण विचार व्यक्त करके   बिचारेपन दीवाने की  कुछ    टी  बी  पेशंट नहीं   जो  कोशिक कि    थोड़ा  छुपाने कि  कोशीस किधर से  आई  आई   आई आई  करते रहो  कोई    कोशीक  करो       भाई  कांगले नहीं हो     ऐ डा बनके पेड़ा  खाते हो गुड़ मोरनिंग   किसी के  मुंह में  हाथ मत डालो  बात  बुलवाने के रीमेक    बेबी   बबली  बंटी    नाटक कम करो   कटी  कटी कटी   करो   कटी,0.998,0.9917,0.0063,1
train-32,train,1,Chai ka paisa Modi ji denge haan na,चाय का पैसा मोदी जी देंगे हां ना,0.0051,0.0392,-0.0342,1
train-31,train,0,"Ye to pahle se tootaa hua hai, ve jhadoo bhosadi ke",यह तो पहले से टूटा हुआ हैवी झाडू भोसड़ी के,0.9993,0.9993,0.0,1
train-27,train,0,Hijab isliye dhake rhe ho ki kahi kisi ke saath mukh marke to nahi aayi hai aur sarke free to dekar dekho Hindustan se ek bhi hijab nahi rahega Jay Hind Jay Bharat 🙏🙏🙏,हिजाब इसलये धके रहते हो कि कही किसी के साथ मुह मार कर तो नही आई है और सरकार फ्री तो देकर देखो हिंदुस्तान से एक भी हिजाब नही रहेगा जय हिन्द जय भारत 🙏🙏🙏,0.9969,0.9421,0.0549,1
train-34,train,1,Nahi ji bilkul bure nahi ho aap to maa ke ladalaye bete ho jo chod gaye jaye do.❤️❤️,नहीं जी बिल्कुल बुरे नहीं हो आप तो मां के लाडले बेटे हो जो छोड गये जाने दो।❤️❤️,0.1552,0.9955,-0.8403,1
train-35,train,1,Bahut accha performance.,बहुत ही अच्छा प्रदर्शन।,0.005,0.0061,-0.0011,1
train-28,train,1,"Adarsh Falaani ji, aapke mubarak paon ke beech jo darwaza-e-jannat hai, usmein ye naachiz apne auzar-e-tabusum ki daakhilat-e-gachagach ki izzat chahta hai... 😝😜😝😜 👉","आदरणीय फलानी जी   आपके मुबारक पावों के बीच जो दरवाज़ा-ए-जन्नत है , उसमे ये नाचीज़ अपने औज़ार-ए-तबसुम की दाखिला-ए-गचागच की इज़ाज़त चाहता है.. 😝😜😝😜 👉",0.0072,0.0098,-0.0026,1
train-30,train,1,"Dil ko sabke liye pattaar banake rakh diya, meri yaad ko jharorat banake rakh diya...!! Jo tum ladki samjhte ho ""jadoo gari"" hai, jaane kitne ko kabutar banake rakh diya...!! 😊","दिल को सबके लिए पत्थर बना के रखा है बस मेरी याद को जेवर बना के रखा है ... !!  जिसको तुम लड़की समझते हो ""जादूगरनी"" है जाने कितनो को कबुतर बना के रखा है ..!!😊",0.0121,0.0414,-0.0294,1
train-36,train,1,"Jise achhi aurat mil jaye, woh admi kabhi uski kadri nahi karta hai didi, pata nahi bhagwan bhi auraton ki aisi kismat ko yehi likh deta hai ke8ke8",जिसे अच्छी औरत मिल जाती वो आदमी उसकी कभी कदर नही करता है दीदी  पता नही भगवान भी औरतों  की ऐसी किस्मत की यू लिख देता है  के8के8,0.0126,0.9814,-0.9688,1
train-38,train,0,"In saale ke khaandaan hai to yeh desh loot liya, barbad kar diya",इन साले के खानदान है तो इस देश को लूट लिया बर्बाद कर दिया,0.9972,0.9944,0.0028,1
train-39,train,1,"Bhaiya bola bahan pyari, tu hai meri ra jadulari, aanch na aane dunga tujh pe, ye mera hai wada tujhse!","भैया बोला बहना प्यारी, तू है मेरी रा जदुलारी, आंच ना आ ने दूंगा तुझ पे ये मेरा है वादा तुझसे!",0.0053,0.0099,-0.0047,1
train-42,train,0,Dharra 302 lagao sale par,धारा 302 लगा दो साले पर,0.9908,0.9576,0.0332,1
train-41,train,0,"Ye ko kisanon ke bade hm dard banthe hain, yahi log 1 rupya kg rate badh jaye to hijro ki tarah nanga naach karte hain.","ये को किसानों के बड़े  हम दर्द बनते है ,,यही लोग १ रुपया किलो रेट bdh जाने पर हिजरो की तरह नंगा नाच करते हैं।",0.9982,0.9795,0.0187,1
train-33,train,0,Behen ki loddri randi,बहन की लोहड़ी रंडी,0.9993,0.9882,0.0111,3
train-43,train,0,"Chor jeete ya daku, apne ko kya desh ko sab loot raha hai",चोर जीते या डाकू अपने को क्या देश को तो सभी लूट रहे हैं,0.9982,0.9684,0.0298,1
train-37,train,0,"Bap ke kapde utar gaye, beti ke pahane me, beti ne kapde utar diye flower badhane me.",बाप के कपड़े उतर गए बेटी के पहनवे में बेटी ने कपडे उतर दिए फ्लोवर बढ़ाने में,0.998,0.956,0.042,2
train-44,train,1,"Gajab madam ji, vo kya baat hai ji❤️❤️❤️❤️❤️🌹❤️🌹❤️🌹❤️🌹❤️🌹❤️🌹❤️🌹❤️🌹❤️🌹❤️🌹❤️",गजब मेडम जी वो क्या बात है जी❤️❤️❤️❤️❤️🌹❤️🌹❤️🌹❤️🌹❤️🌹❤️🌹❤️🌹❤️🌹❤️🌹❤️🌹❤️,0.0043,0.0043,0.0,1
train-45,train,1,Kutte ke bhi nasheeb dekho. 😍😍😍😝😝,कुत्ते के भी नसीब देखो।😍😍😍😝😝,0.697,0.9572,-0.2602,1
train-46,train,1,TV aur mobile se... dhanyavad🙏💕.,टीवी📺 और मोबाईल से.... धन्यवाद🙏💕.,0.0046,0.008,-0.0033,1
train-50,train,0,Duniya me chutiyo ki kami nahi hai. Ek dhundo to sao mil jate hai. Hopless,दुनिया में चुतियो की कमी नहीं है l एक धुंडो तो सौ मिल जाते है l Hopless,0.9991,0.9992,-0.0001,1
train-51,train,1,"Comment padhke maza a gaya main to comment padhne aaya hu, aur hamare jaise kon kon hai comment padhne wale",कमेंट पढ़ कर मजा आ गया मैं  तो कमेंट पढ़ने आया हूं और हमारे जैसे कौन-कौन है कमेंट पढ़ने वाले,0.0082,0.2332,-0.225,1
train-48,train,1,"Ek chandu apne bacche ko pit raha tha 😋 padosi ne pucha - kyun pit ho 😈 Chandu - isko bola ek seedhi chhodkar chadh, chappal kam ghisayegi 😛 Nalaayak 2 seediyan chhodkar chadha, paajama phaad diya. 😳🤣🤣🤣🤣🤣","""एक कंजूस अपने बच्चे को पिट रहा था😋 पड़ोसी ने पूछा- क्यों पीट रहे हो😈  कंजूस-इसको बोला एक सीढी छोड़कर चढ़, चप्पल कम घिसेगी😛  नालायक 2 सीढ़ी छोड़कर चढ़ा, पाजामा फाड़ दिया.😳🤣🤣🤣🤣🤣",0.9749,0.9869,-0.0121,1
train-53,train,1,"In aapke azaad desh Bharat me jitni mahilaye azaad hain, shayad duniya me kahi nahi hongi. Bas farak itna hai ki ameer ghar se lekar office tak har jagah azaad hain. Aur wahi garib inki zuthan saaf karte hue lete hue bathroom bhi saaf karte hue gulaam hain. Ameer azaad hai, garib gulaam hai.",🙏🙏आजाद देश भारत मे जितनी महीलाऐ आजाद हैं।सायद दूनिया मे कही नही होगीं।बस फर्क इतना है। कि अमीर घऱ से लेकर ओफिस तक हर जगह आजाद है।और वही गरीब इनकी झुठन साफ करने से लेकर ले्टीगं बाथरूम साफ करके गुलाम हैं। अमीर आजाद है। गरीब गुलाम है।🙏🙏,0.0048,0.9941,-0.9893,1
train-54,train,1,"Aap ruko, bahut paisa kam liya",आप रूकजाओ बहुत पेसा कमा लीया,0.0049,0.9619,-0.9569,1
train-57,train,1,Log kaise Congress ke 70 saal ke balidan ko bhool sake hai?,लोग कैसे कांग्रेस के 70 साल के बलिदान को भूल सकते है,0.0237,0.0134,0.0103,1
train-58,train,1,Kurkure kha ke maro 🤭🤪🍎,कुरकुरे खाया करो 🤭🤪🍎,0.0143,0.1141,-0.0998,1
train-55,train,0,"Theek hua, chodne ke baccha nahi aata hai iske baare, jab dil ko kahin aram nahi ho raha hai❤️",ठीक हुए चोदने के बेचाब नहीं आता है इसके बारे जब दिल को कहीं आराम नहीं सकता❤️,0.9984,0.9991,-0.0007,1
train-56,train,1,Main aapke YouTube channel ko dekhti hun aur aap jo is tarike se aam par hi videos banate ho aur Snapchat par main bahut sare videos dekhti hun aur aap bahut accha videos bana dete ho aur bahut mehnat karte ho isliye aise hi mehnat.,मैं आपका यूट्यूब चैनल देखती हूं और आप जो इस तरह आम पर ही वीडियो बनाते हो और स्नैपचैट पर में बहुत सारी वीडियोस देखती हूं और आप बहुत अच्छी वीडियो करा बनाते हो और बहुत मेहनत करते हो इसलिए ऐसे ही मेहनत,0.0076,0.9835,-0.9759,1
train-60,train,0,"Isliye paise kam ke phle ghumna band kardo saale, sab kuchh bata ke raha hai",🙏इसलिए घूमने से पहले पैसा कमा साले सब बात करेंगे🙏,0.9704,0.9891,-0.0187,1
train-62,train,1,Koi online hai toh kam se kam good afternoon bol do ji 🍫🍫🍫🍫🍫,कोई आनलाईन है तो कम से कम गुड आफ्टरनून बोल दो जी 🍫🍫🍫🍫🍫,0.0042,0.0043,-0.0,1
train-63,train,0,Kutti kutti kutti pari hai tu,कुट्टी कुट्टी कुट्टी परी है तू,0.9988,0.999,-0.0002,1
train-66,train,1,"Love for ever, one sided ka kuch bhi soch nahi pa raha hoon",लव फोर इवर।वन साइडेड की कल्पना नहीं आ रही है,0.0056,0.0514,-0.0458,1
train-64,train,0,"Kuch log toh aisi adat rakhte hai ki kutte pagal ho jaye tab bhi usko palte rehna chahte hai, chahe kutte ko kattne ki suway lagani pade","कुछ जनता की आदत है,कि कुत्ता पागल हो जाय तब भी उसको पालते रहते चाहें कुत्ता काटने की सुई लगवानी पड़े",0.9776,0.9946,-0.017,1
train-61,train,1,"Sari hamara Bharatiya paridhan hai, is par rook kaise ho sakti hai, ye restaurant band kardo","साड़ी हमारा भारतीय परिधान है ,इस पर रोक कैसे हो सकती है, यह रेस्टोरेंट बंद करा जाए",0.0053,0.9445,-0.9392,1
train-65,train,1,"Dev se puchho Anjali, kuch nahi kehna, chup hi raho dekho dhadkan keh rahi hai",देव से पूछो अंजलि कुछ ना कहो चुप ही रहो देखो धड़कन कहती है,0.0061,0.0165,-0.0105,1
train-68,train,1,"Dil tod ke hansi hai, meri wafa ke yaad karegi",दिल तोड़ के हंसती है मेरा वफाऐ मुझे याद करेगी,0.0057,0.9788,-0.9732,1
train-70,train,0,Aapke mang me sindoor bhi nazar a raha hai.,आपके मांग में सिंदूर भी नजर आ रहा है।,0.0091,0.0049,0.0042,1
train-69,train,0,"Aap yeh video delete kardo, yeh video sahi nahi hai",आप ये वीडियो डिलीट कर दीजिए ये वीडियो सही नहीं है,0.9643,0.9965,-0.0323,1
train-71,train,0,"Ekdam chutiya khola kar dikha de, tu to kitna badhiya rhta hai hamara ja",एकदम चुटिया खोल कर दिखा दे तू तो कितना बढ़िया रहते हमार जा,0.9993,0.9992,0.0,1
train-72,train,1,Sun sun nache lori ki dhaun,सुन सुन नन्हे लोरी की धुन,0.0048,0.0257,-0.0209,1
train-73,train,0,Video par jo likha hai uske baap ko dse aur video banaya hai teri maa ki chut,वीडियो पर जो लिखा है असके बाप को डसे और विडियो बनाया है तेरी मां कि चुत,0.9992,0.9991,0.0002,1
train-76,train,1,Bahut bahut cute lari ho ji,बहुत बहुत सुन्दर लग रही हो जी,0.0048,0.0054,-0.0006,1
train-74,train,1,Padhoge to jaroor padh paoge. Kuch aur karna se achha syllabus hi khatam kar jaoge,पढ़ोगे तो जरूर पढ़ पाओगे ।  कुछ और करने से अच्छा सिलेबस ही खतम कर जाओगे,0.0095,0.0115,-0.002,1
train-75,train,1,Maine bhi aapki video share kar di hai ji haan dost aap 💝💝💝💝❣️❣️❣️💖💖👌👌👌🌹🌹🌹,मैंने भी आपकी वीडियो शेयर कर दिया है जी हां दोस्त आप 💝💝💝💝❣️❣️❣️💖💖👌👌👌🌹🌹🌹,0.0043,0.0043,0.0,1
train-78,train,1,Bolo Sakkshi ji kitne saal ki ho,बोलो साक्षी जी कितने साल की हो,0.0053,0.026,-0.0207,1
train-80,train,1,Password dena ke baad V trust n nahi hota logo ko,पासवर्ड देने के बाद v ट्रस्ट n होता लोगो को,0.0055,0.008,-0.0025,1
train-81,train,1,Kare ke ped par patta nahi. Aisa ped sabji ka nahi hota ke patta na ho har sabji me. Patta hota hai.,केर के पेड़ पड़ पत्ता नही  ऐसा पेड़ सब्जी का होता नही की पपत्ते ना हो हर सब्जी में। पत्ता रहता है,0.0075,0.0121,-0.0046,1
train-82,train,1,Bata do na dil me kya hai tumhare,बता दो ना दिल में क्या है तुम्हारे,0.0056,0.9499,-0.9443,1
train-79,train,1,"Dekho jab tum sab bahut dukhi ho, bahut udas, bohot paresan ho aur chinta kee chilchil ke keh rahi hai ki ab kuchh nahi ho sakta, tumhare marne ka man aur jab tumhe lagne lage ki zindagi sala ab kuchh nahi bacha hai tab us samay mereko yaad karo",👉👉देखो जब तुम सब बहुत दुखी हो बहुत उदास खूब परेशान हो  और चिंता चीख चीख कर कह रही। है की 👉अब कुछ नहीं हो सकता तुम्हारा मरने   का मन और जब तुम्हे लगने लगे की जिंदगी साला अब कुछ नहीं बचा है 👉तब उस  समय मुझे याद करो,0.0097,0.2453,-0.2356,1
train-84,train,1,"Ab tabiyat kaisi hai beta, ab toh theek ho jao, accha doctor dekho na 🌿🌹👌",अब तबीयत कैसी है बेटा अब ठीक हो अच्छे डॉक्टर को दिखा लेते🌿🌿🌿🌿🌿🌿🌿🌿🌿🌿🌿🌿🌿🌿🌹🌹🌹🌹🌹🌹🌹🌹🌹🌹🌹👌👌👌👌👌,0.0044,0.0057,-0.0013,1
train-77,train,0,Sale kute tu Congressi chamcha hai,साले कुते तू कॉग्रेसी चमचा है,0.9993,0.9933,0.0059,2
train-83,train,1,"Kuch to jadoo hai saware... Aap ki in ankho me ❤️ Jab se in ankho ko dekha hai ""Rahi"" kuch aur to dekh hi nahi rahi 😊😊","कुछ तो जादू है सांवरे ... आप की इन आंखों में ❤️ जब से इन आंखों को देखा है"" राही"" कुछ और दिखता ही नहीं 😊😊",0.0052,0.0156,-0.0104,1
train-85,train,1,"Bhai, tala chahiye",भाई  ताला चाहिए,0.0054,0.0601,-0.0547,1
train-86,train,0,Aise hi apni jawaani dikhao tabhi tum jaise ladki ko dekh kar koi larka bigdhta hai,ऐसे ही अपना जवानी दिखाओ तभी तुम जैसे लड़की को देख कर कोई लड़का बिगड़ता है,0.9966,0.9976,-0.0009,1
train-87,train,1,Tai khup sundar 👌👌🌹🌹,ताई खुप सुंदर 👌👌🌹🌹,0.0045,0.0093,-0.0048,1
train-88,train,1,"I love you jaan, aapse bahut pyar karta hun, hamara mobile number le lo",आई लव यू जान आपसे बहुत प्यार करता हूं हमारा मोबाइल नंबर ले लेना,0.0053,0.0062,-0.001,1
train-90,train,1,Do ghante rone ke baad ap to bachayi ho gayi goi 🤭😛😜😝🤭,दो घंटे रोने के बात अप तो बची हो गोई 🤭😛😜😝🤭,0.014,0.0279,-0.0138,1
train-91,train,0,"BJP ek akeleey party hai jo kee leader toh Gandhi ko puja karte hai aur unke voter Nathuram ko 😂 aur dono me is baat ke liye koi jhagda bhi nahi 😜,😝😝","BJP एक अकेली ऐसी पार्टी है जिसके नेता तो गांधी को पूजते हैं और उनके वोटर नाथूराम को😂ओर दोनो में इस बात को लेकर कोई झगड़ा भी नही😜,😝😝",0.982,0.9243,0.0577,1
train-94,train,0,"Manushya ek hai sale, chamara keh raha hai mother chod",मनुष्य एक है साले चमार कह रहा है mother chod,0.9992,0.9992,0.0,1
train-89,train,0,Matalab nange nache karna kitna pasand karte ho log?,मतलब नंगे नाच करना कितना पसंद है लोगो को,0.9971,0.9744,0.0227,2
train-96,train,0,"Tum dono ko koi kaam nahi hai kya, pagal hai bekaar sale, bekaar hai tum dono",तुम दोनों को कोई काम नहीं है क्या पागल है बेवकूफ साले बेकार,0.9984,0.9903,0.0081,1
train-92,train,0,Sahi hai bekar nahi... patta ke sanma 😂😜 pure harami hai hum... meri jaisi harami kahin dundkar,सही है  बेकदर नहीं .....पत्थर के सनम 😂😜 पुरे हरामी है हम ........मेरे जैसी हरामी कही ढुंडकर,0.9992,0.9887,0.0105,2
train-97,train,1,"Kabhi unki yaad aati hai, kabhi unke khwaab aate hain... maine satane ke tareeqe to unhe behisab aate hain... 💔","कभी उनकी याद आती है  कभी उनके ख्व़ाब आते हैं,, मुझे सताने के सलीके तो उन्हें बेहिसाब आते हैं....!!💔",0.0098,0.0444,-0.0346,1
train-93,train,0,"Bhai chunaav ke chakkar mein sarkar kuch bhi kar sakti hai, paper leak karna toh baadhiya hai",भाई चुनाव के चक्कर में सरकार कुछ भी कर सकती है पेपर रध करना तो बहाना है,0.9924,0.9506,0.0418,2
train-98,train,1,Teri love me pagal ho gaya,तेरे प्यार में पाग,0.0297,0.0322,-0.0025,1
train-100,train,0,"Sala bhosad, apne bolne ka tarika badal le",साले भोसड़ा अपने बोलने का तरीका बदल ले,0.9993,0.9991,0.0002,1
train-102,train,1,Good morning sher kar diya,गुड मॉर्निंग शेर कर दिया,0.0047,0.0062,-0.0016,1
train-103,train,1,Good morning jee ☕☕🌹🌹burger👈,गुड मॉर्निंग जी ☕☕🌹🌹🍔👈,0.0044,0.0045,-0.0,1
train-101,train,1,Hum aapko support karte rahenge 👍👍,हम आपको सपोर्ट करते रहेंगे 👍👍,0.0072,0.0051,0.0021,1
train-104,train,0,Nani ne to bata hi nahi ki gand me kida hai,नानी ने तो बताया ही नहीं की गान्ड में कीड़ा है,0.9991,0.97,0.0291,1
train-105,train,0,"Dikhane se to achha hai, chutiya mara le tu 🍌🍌🌽🍌👌",दिखाने से तो अच्छा है च** मरा ले तू 🍌🍌🌽🍌👌,0.9992,0.9993,-0.0,1
train-95,train,0,"Dacoit koi kisaan nahi hai, asli kisaan khet par hai, nakkali kisaan andolan kar rhe hain.",डकैत कोई किसान नहीं है  असली किसान खेतो पर है  नकली किसान आन्दोलन कर रहे हैं।,0.9826,0.9797,0.0028,3
train-109,train,1,Jay Shri Ram 🙏🙏 Jay Shri Ram 🙏🙏,🙏🙏जय श्री राम 🙏🙏,0.0045,0.005,-0.0005,1
train-106,train,0,Madarchod kaun jayega kaun rehenga sab samajh a jayega kuchh din mei,मादरचोद  कौन जाएगा कौन रहेगा सब समझ आ जाएगा कुछ दिन में,0.9993,0.9992,0.0,2
train-110,train,0,"Tu na kuch bda kar, theek hai. Tu samaj rahi hai na main kya kahna chahti hu. Agar nahi samaj rahi ho to sun, tu na vi f bna lo, isko bhi jada pasand karenge, sali chutiya 😡",तू ना कुछ बडा कर ठीक है तू समझ रही है ना मै क्या कहेना चाह रही हूँ अगर नही समझ रही हैं तो सुन तू ना vi f  बना लोग इसे भी जादा पसंद करेंगे sali कुतीया 😡,0.9809,0.9992,-0.0183,1
train-113,train,1,Apna to dekh lo,खुद को देख,0.0093,0.0489,-0.0396,1
train-112,train,1,Sunder bohot hi sundar,👌🥀❣️❣️ सुंदर❣️❣️🥀👌         👌💗❤️ बोहोत ही सुंदर❤️💗👌,0.0043,0.0182,-0.0139,1
train-107,train,0,"Main ye protein drink ke liye taras raha sale, ye protein bhi purani meli mein hai",यह प्रोटीन ड्रिंक के लिए मैं तरस रहा साले यह प्रोटीन भी पुरानी मेला में,0.9907,0.9695,0.0212,3
train-111,train,1,"Mere bhi do betiyain hain, main bhi bahut pyar karta hoon. Meri betiyain love you. Mere bhi ma'in main bhi bahut pyar karta hoon, love you ma.",मेरी भी दो बेटियां हैं मैं भी बहुत प्यार करती हूं मेरी बेटियां लव यू  मेरी भी मां मैनू बहुत प्यार करती है लव यू मां,0.0047,0.0075,-0.0028,1
train-115,train,1,Itne sanskaar ke video dekhne ke baad main apne netra daan kar dunga 😌😌,इतने संस्कारी वीडियो देखने के बाद मे अपने नेत्र दान कर दूंगा😌😌,0.0778,0.0941,-0.0163,1
train-114,train,1,"Duro ki dosti bhi kamal ki hoti hai, milna kahan hota hai sirf baat hi to hoti hai",दुर की दोस्ती👫 भी कमाल की होती है🌹 मिलना कहा होता है सिर्फ बात ही तो होती है🌹,0.0044,0.0053,-0.001,1
train-119,train,1,"Phone to le lo, cover se kaam chal raha hai kya?",फोन तो ले लो कवर से काम चला रहे हो के,0.0097,0.0187,-0.009,1
train-117,train,1,"Dua karo Namibia New Zealand ko haraye, aur New Zealand Afghanistan ko aur sare bache match jeete beete antar se",दुआ करों नामीबिया न्यूजीलैंड को हराये  और न्यूजीलैंड अफगानिस्तान को  और सारे बचें मैच जीते बड़े बड़े अंतर से,0.0049,0.0135,-0.0086,1
train-120,train,1,"Billkul der se bole, Neetu sun legi 😜💋💯🎲🍓🌺💕🌼🤗👈✌️💞",बिल्कुल देर से बोलना नीतू को सुन लेगा 🤪💋💯🎲🍓🌺💕🌼🤗👈✌️💞,0.0046,0.0059,-0.0014,1
train-121,train,1,"Gareebi se bhi mut se battar hai, meri dost mut aaye par meri dost gareebi na aaye kisi ko 😥😥😥🙏🙏🙏",ग़रीबी मौत से भी बत्तर है मेरे दोस्त मौत आ जाये पर मेरे दोस्त गरीबी न आये किसी को😥😥😥🙏🙏🙏,0.0256,0.0106,0.015,1
train-122,train,0,"Itna hi kyun phehan rahi ho, isko bhi utar dena chahiye aur maa-bap ka naam roshan karna chahiye, chudail 😡😡",😡😡😡😡😡😡😡😡😡😡😡😡😡😡इतना क्यों पहन रखी हो इसे भी उतार देना चाहिए और माँ बाप का नाम रोशन करना चाहिए 😡😡😡😡😡😡चुड़ैल,0.054,0.9815,-0.9275,1
train-123,train,1,"Prajakta aap itne achhe song kahan se dhundothe ho, kya ye sab google se milte hai? 😄😄😄😄",😀प्राजक्ता आप इतने अच्छे सोंग कहां से ढूंढते हो क्या ये सारे गूगली है देती है ?😀😀😀😀,0.0089,0.0122,-0.0033,1
train-118,train,1,"Magar ham to dimag se hi comment kar rahe hai ❤️🎄🎄🌾 Tumko apne dil se yaad kar rahe hai 🌹🌹🌹❤️❤️🙋‍♀️ Tum manao ya na manao, tumhari marzi 💚💚🎄🎄🌾🌹🙋‍♀️ Fir bhi tumhari ham firiyad kar rahe hai 💚💚🎄🌾❤️❤️💚💚🌹🌹🙋‍♀️ Thik hai ok, fir milege Jay Hind Jay Shri Ram Jay Shri Ram 🙏🙏🙏🙏🙏🙏🇳🇪🇳🇪🇳🇪🇳🇪🇳🇪",मगर हम तो कमेंट दिमाग से कर रहे हैं ❤️🎄🎄🌾 तुम्हें अपने दिल से याद कर रहे हैं 🌹🌹🌹❤️❤️🙋‍♀️ तुम मानो या ना मानो तुम्हारी मर्जी 💚💚🎄🎄🌾🌹🙋‍♀️ फिर भी तुम्हारी हम फरियाद कर रहे हैं 💚💚🎄🌾❤️❤️💚💚🌹🌹🙋‍♀️ ठीक है ओके फिर मिलेंगे जय हिंद जय श्री राम जय श्री राम 🙏🙏🙏🙏🙏🙏🇳🇪🇳🇪🇳🇪🇳🇪🇳🇪,0.0046,0.0049,-0.0003,1
train-124,train,0,"Isme kya viral karna hai, ye toh bhadwe hi iski aadat hain",इसमें वायरल करने वाली कौन सी बात है यह भड़वे तो काम ही यही करते हैं,0.9989,0.9977,0.0012,1
train-126,train,0,Oh behen ke lund 🤣😂🤣😂 ek ID aur chahiye to teri behen ko bhej deta hu,Oh बहन के लंड 🤣😂🤣😂एक. I'd ओर चहीये तो भेज तेरी बहन को,0.9989,0.8546,0.1443,1
train-130,train,1,Kya sexy hai!,क्या सेक्सी है,0.0515,0.0076,0.044,1
train-129,train,0,🚩🚩🚩Jo log desh ko lootne ka mauka na mile unko BJP chod kar bhag raha hai. 🚩🚩🚩,🚩🚩🚩जिन्हे देश को लूटने का मौका नहीं मिला वो लोग BJP को छोड़ कर भाग रहे हैं। 🚩🚩🚩,0.9837,0.999,-0.0153,1
train-128,train,0,"Das saal me uska shirt be fatana nahi, budhia abhi hua nahi aur bacche bade ho gaye, das saal bad bhi uska shirt wahi ka wahi",दस साल मे उसका शॉट बी फाटा नही बुड्ढा अभी हुआ नही और बच्चे बडे हो गये दस साल बाद भी उसका का शर्ट वही का वही,0.8216,0.9799,-0.1582,1
train-131,train,1,"Maine bhi aapki video share kar di hai ji haan dost, aap bhi karo 💖💖💖❤️❤️❤️❤️🌹🌹🌹🌹👌👌",मैंने भी आपकी वीडियो शेयर कर दिया है जी हां दोस्त आप भी करो 💖💖💖❤️❤️❤️❤️🌹🌹🌹🌹👌👌,0.0043,0.0043,-0.0,1
train-133,train,0,Abhi to mar do meeting chal gayi hai saale,आभि तो मार डालनेकी मीटिंग चालू होगई है साले,0.9933,0.9749,0.0184,1
train-134,train,0,"Wah ji, sharm bhi nahi aayi tujhe",वाह ji सरम भी नहीं आई का तुझे,0.9982,0.9816,0.0165,1
train-127,train,0,"Unki party ko dekhna hai, Yadav sahab aapke vanshon ko dekho jo jina hone bhage ko hi bhun dal tha, kar sevakon ko isliye unse tooti choron se puchho ki bhaise charate the, bap dada ke to factory to dur panchar ki dukaan bhi nahi thi, aaj itni jameen jaydaad kharabon ki malti aayi kahan se? Ek yadav se gaao grass chara dkaar liya jail ho gaya, nesharma fir bhi bade ghar se baitha hai, dusra abhi gaya nahi listed hai, aay se adhik sampti me puchna unka bhi likho bhai tera swajatiya bandhu hai",उनकी पारटी को देखना है यादव साहब आप के वंशजो को देखो जिनाहोने भगवे को ही भुन डाला था कार सेवको को ईसलिए उनसे टोटीचोरो से पुछो की भैसे चराते थे बाप दादा के तो फेक्ट्री तो दुर पंचर की दुकान भी नही थी आज ईतनी जमीन जायदाद खरबो की मिलकत आई कहा से एक यादव से गाऊ ग्रास चारा डकार लिया जेल होआऐ नेशर्मा फिर भी बडे गर्व से बैठा है दुसरा अभी गया नही लिस्टेड है आय से अधिक सम्पति मे पुछना उनका भी लिखो भाई तेरे स्वजातीय बंधुहै,0.9982,0.9944,0.0039,1
train-136,train,0,Lagta hai koi pel rha hai andar,लगता है कोई pel rha hai अंदर,0.9815,0.9396,0.0418,1
train-132,train,0,"Salman Khurshid tu apne Allah se dua mang, tu Hindustan me hai. Agar tu Taliban me hota to tujhe apni okaat ka pata ab tak lag chuka hota",सलमान खुर्शीद तू अपने अल्लाह से दुआ मांग तू हिन्दुस्तान में है अगर तू तालिबान में होता तो तुझे अपनी औकात का पता अब तक लग चुका होता,0.9896,0.93,0.0596,1
train-138,train,1,Kapde to badal lete inke video banane se pehle,कपड़े तो बदल देता ईनके विडियो बनाने से पहले,0.0131,0.9366,-0.9235,1
train-139,train,0,Tumhari xxxx video jitni acchi nahi lagi jitna insta wali lgti hai,तुम्हारी xxxx वीडियो जितनी अच्छी नहीं लगी जितना insta wali lgti hai,0.9992,0.9992,-0.0,1
train-140,train,0,Ye sab Modi ke paltu kutte hai 😁😁,ये सब मोदी के पालतू कुत्ते है 😁😁,0.9982,0.9938,0.0043,1
train-135,train,1,"Chand ki chandni ho tum, tarao ki roshni ho tum, subah ki laali ho tum, meri dil me basi hai ek ashiqui ho tum!",चाँद की चाँदनी हो तुम तारो की रोशनी हो तुम सुबह की लाली हो तुम मेरे दिल में बसी हुई एक आशिक़ी हो तुम !,0.0068,0.0217,-0.0149,1
train-142,train,1,Jay Maan Kalika 🙏,जय माँ कालका 🙏,0.0048,0.005,-0.0002,1
train-141,train,0,"Ye chameche toh aise baate karte hai jaise Modi ji se pehle Congress ne hamare desh ko America aur England jaisa bana diya tha, har gale se chamechegiri ki hai yaar 😡😡",ये चमचे तो बाते ऐसे करते हैं जैसे मोदी जी से पहले कांग्रेस ने हमारे देश को अमेरिका और इंग्लैंड जैसे बना दिया था हद है यार चमचागिरी की😡😡,0.9987,0.9953,0.0034,1
train-146,train,1,Jay Shanidev 🙏🙏🙏🙏,जय शनि देव 🙏🙏🙏🙏,0.0046,0.0047,-0.0001,1
train-145,train,1,"Kabhi hum glat nahi hote, hamare haalat hi aise hotay hai ki na chahe ke hume vo karte hai jo jiski humne kabhi kalpana nahi ki hoti hai",कभी हम गलत नही होते हमारे हालात ही ऐसे होते है की ना चाह कर भी हमे वो करते है जिसकी हमने कभी कल्पना नही की होती है,0.0061,0.0338,-0.0277,1
train-143,train,0,Haramkhore yaanchi bhrast Sarkar Maharashtra chya watt laavlali nalaayak,हरामखोर यांचे भ्रस्ट सरकार महारष्ट्राची वाट लावली नालायक,0.9992,0.9243,0.0749,2
train-148,train,0,Pehle apni gand ko samal le 😠😠,पेहले अपनी गांड को समाल ले 😠😠,0.9992,0.998,0.0013,1
train-149,train,0,To gand marwa lo,तो गांड मरवा लो,0.9993,0.998,0.0013,1
train-152,train,1,Kaloo he toh hai,कालु ही तो है,0.0094,0.955,-0.9457,1
train-151,train,0,"Tu bhi jaanati ho isko, fir bhi tum ladki ho kar dusri ladki ko kiyachad mein phenk rahi ho",तुम भी जानती हो इसे फिर भी तुम लेडी होकर दुसरी लेडी को कीचड़ में फेंक ती हो,0.9985,0.9617,0.0368,1
train-150,train,0,"Saanse jaisa lada hai, ab dikhta bhi laga hai.",सांड जैसा लडती है ही अब दिखने भी लगी,0.9925,0.9398,0.0527,2
train-147,train,0,Suvra hai ye khali chutiya swine hai ye,🐖🐖🐖 सुवर हे ये,0.9954,0.9993,-0.0038,3
train-154,train,1,Nahi nibhate yaar,नहीं निभाते यार,0.0063,0.0051,0.0012,1
train-155,train,1,Aap log toh bhool jate ho,आप लोग तो भूल जाते हो,0.0056,0.0062,-0.0006,1
train-157,train,1,"Didi cast bohot alag hai, gharwala kabhi ready nahi honge",दीदी कास्ट बहुत अलग है घरवाला कभी रेडी नहीं होंगे,0.0081,0.0497,-0.0416,1
train-156,train,1,Sare kand chhupne ke liye phone me hota hai. Tu hi nahi password lagate jate🤣🤣,सारे कांड छुपे होते होते है फोन में । यू ही नहीं पासवर्ड लगाए जाते🤣🤣,0.0076,0.0113,-0.0037,1
train-158,train,1,"Dil ka hal sun, dil wala",दिल का हाल सुने दिल वाला,0.0048,0.0084,-0.0036,1
train-159,train,1,"Bahut cute lagti ho, videos banao toh",बहुत खूबसूरत लगती हो वीडियो बनाती हो तो,0.01,0.0072,0.0028,1
train-153,train,0,Jab uske ma-baap hi kutta kutiya hai to yeh to kuttia niklegi,जब उसके मां-बाप ही कुत्ता कुतिया है तो यह तो कुत्तिया निकलेगी,0.9992,0.9991,0.0001,2
train-160,train,1,Kaise ho ji madam ji,कैसे हो जी मैडम जी,0.0049,0.0048,0.0,1
train-163,train,1,Wow salli love u too yaar,Wow साली लव यू स तने,0.0047,0.0048,-0.0,1
train-162,train,0,"Abey kutte, teri maut ka mazaak mat banao",अबे कुत्ते के मुंह के नमाज का मजाक मत बनाओ,0.9992,0.9945,0.0047,1
train-161,train,0,"Kya hua a hai ladki yo ko super instar banna hai, kuchh sharm karo bhai apna nahi to ma-bap ka",क्या हु आ है लडकी यो को सुपर इस्टार बनना है क्या कुछ सरम करलो भाईअपना नही तो मा। बाप। का,0.9983,0.966,0.0324,1
train-144,train,0,"Aaj jo 2021 ko dafan kar rahe ho, theek usi tarah ek din usko bhi dafan karo ge jo ka tum welcome kar rahe ho. 2022 ka sabko pata hai, marne ke baad apne ma-baap ko bhi log ghar se bahar hi rakhte hain. Jab logon ko apne ma-baap se moh bhang ho sakta hai to 2021 kya cheez hai.","आज जिस 2021को दफन कर रहे हो ठीक उसी प्रकार एक दिन उसको भी दफन करोगे जिसका तुम वेलकम कर रहे हो 2022 का सबको पता है मरने के बाद अपने मां बाप को भी लोग घर से बाहर ही रखते हैं, जब लोगों को अपने मां बाप से मोह भंग हो सकता है तो 2021क्या चीज़ है।",0.997,0.9321,0.065,3
train-166,train,1,Mere bhi na ho sake jaroori pare,मेरा भी नो का हो सके जरूरी परे,0.007,0.005,0.002,1
train-165,train,1,"Pendan se achcha usko uski jaroorat ki cheez dena chahiye tha, uske kaam aata woh iPhone chala ke kya karegi, ye meri soch hai, baaki jo aapne kiya uske liye 🙏🙏🙏🙏",पेन देने से अच्छा उसे उसकी जरूरत का सामान देना चाहिए था उसके काम आता वो आई फोन चला के क्या करेगी ये मेरी सोच है बाकी जो आपने किया उसके लिए 🙏🙏🙏🙏,0.0178,0.0128,0.005,1
train-164,train,0,"Arey bap re bap, garmi mein adho baju wali shirt pehna hai, aapko sardi nahi lagti? Arey Firoz bhai, agar bخار ho gaya to phir maine ake chahiye ga aapko dawa khilane👍🌼🌾🌼🌾🌼🌾🌼🌾🌼🌾🌼🌾🌼🌾🌼",अरे बाप रे बाप सर्दी में अध्य बाजू वाली शर्ट पहनते हो आपको सर्दी नहीं लगती अरे फिरोज भाई अगर बुखार हो गया फिर फिर मुझे आना पड़ेगा आपको दवाई खिलाने👍🌼🌾🌼🌾🌼🌾🌼🌾🌼🌾🌼🌾🌾🌼🌾🌼🌾🌼🌾🌼🌾🌼,0.9761,0.9318,0.0443,1
train-169,train,1,Ovalun gheto ki kay Rahul video banavaycha agodaar,ओवळून घेतो की काय राहुल विडिओ बनवायच्या अगोदर,0.0063,0.0184,-0.0122,1
train-170,train,0,Puri tarah se full mousam me lag raha dono khade khade he le raha hai uski ghusa de pura le maza,पुरी तरहां से फुल मौसम में लग रहे दोनों खड़े खड़े ही ले रहा है उसकी घुसा दे पुरा ले मजा,0.9986,0.9987,-0.0,1
train-171,train,0,"Dil hi dil kahan hai ab, seese se binaazuk hota tha, par dil laganewale pattaar ban gaya hai",दिल ही दिल कहा है अब  सीसे से बि नाजुक होता था  पर दिल लगाने वाले पत्थर बन गया है,0.0073,0.0259,-0.0186,1
train-173,train,1,Jay shri Ram siya Ram main sab jag jani karhu pranam jor jug pani,जय श्री राम सिया राम मै सब जग जानि  करहू प्रणाम जोर जुग पानी,0.0049,0.0067,-0.0018,1
train-172,train,1,"Ladkon ka dil girls hostel hota hai 😒 aao tum bhi, aao tum bhi",लडको का दिल गर्ल्स हॉस्टल होता है 🙄 तुम भी आओ तुम भी आओ,0.005,0.949,-0.9441,1
train-167,train,0,Lal rang khataray ka chinarak hai. Janata sochke in doglo ko pahchane. Sirf BJP ko hi vote kare.,लाल रंग खतरे का सूचक है । जनता सावधानी से इन  दोगलों को पहचाने। सिर्फ BJP को ही वोट करें।,0.9819,0.9636,0.0183,2
train-174,train,0,"Tu bur rade dekhay, kam wali besharam beshwa ho",बुर दिखा दे रडी तुम हो काम वाली बेशर्म बेशवा,0.9991,0.9989,0.0002,1
train-175,train,1,"Allah se ye dua bhi kar lo ki ab fatwa jarur kar le ye Islam premi maulana,","अल्लाह से ये दुआ भी कर लो कि अब फतवा जारी करना भी करें ये इस्लाम प्रेमी मौलाना,",0.9051,0.995,-0.0899,1
train-177,train,1,"Doodh ka doodh, paani ka paani 😄😄",दूध का दूध पानी का पानी 😄😄,0.0207,0.5866,-0.5659,1
train-179,train,1,"Dostiy mein dost dost ka khuda hota hai, mohsoos tab hota hai jab ek dost dusre se juda hota hai 😢 😢 😢",दोस्ती मे दोस्त दोस्त का खुदा होता है महसूस तब होता है जब एक दोस्त दूसरे से जुदा होता है 😢 😢 😢,0.0048,0.0046,0.0002,1
train-168,train,0,Bhaav to petrol ke bade hai 🙄🙄🙄🙄 tumhare bhi bhaav kuch kam nahi hai 🤔🤔🤔 sun rhe ho 🗣️👂 phalane tum hi ko bol rahi hoon 👊🏻👈,भाव तो पेट्रोल के बड़े हैं 🙄🙄🙄🙄 तुम्हारे भी भाव कुछ कम नहीं हैं 🤔🤔🤔 सुन रहे हो 🗣️👂 फलाने तुम ही को बोल रही हूँ 👊🏻👈,0.9502,0.9377,0.0125,2
train-178,train,1,"Ha aa jayegi n, beimaani karke EVM me gaddarbadi karke",Ha aa jayegi n बेईमानी करके ईवीएम में गड़बडी करके,0.0192,0.0358,-0.0165,1
train-180,train,1,"Safalta kadam chumti re, khushi aaspaas ghoomti re, yash itna phale ki kashturi sharmaya jaaye, laxmi ki krupa itna ho ki balaaji bhi dekte re jaaye. Shubh diwali Jay mata di","सफलता कदम चूमती रहे, खुशी आसपास घूमती रहे, यश इतना फैले कि कस्तूरी शरमा जाये, लक्ष्मी की कृपा इतनी हो कि बालाजी भी देखते रह जायें शुभ दिवाली Jay mata di",0.0044,0.3371,-0.3327,1
train-181,train,0,Land hai logi ka,लैंड है लोगी का,0.9935,0.9858,0.0077,1
train-182,train,0,"Pagal aurat, dinki video bana liya karo. Waise bhi teri sakal achhi nahi hai.",पागल औरत डंकी वीडियो बना लिया कर वैसे भी तेरी सकल अची नही है🤭,0.9977,0.9701,0.0277,3
train-183,train,0,Hay re bappa kaisa jamana a gaya hai 🤦‍♀️🤦‍♀️🤦‍♀️,हाय रे बप्पा कैसा जमाना आ गया है 🤦‍♀️🤦‍♀️🤦‍♀️,0.0323,0.92,-0.8877,1
train-184,train,1,Bahut hi awesome hai ♥️♥️❤️🧡💛,बहुत ही अच्छा है ♥️♥️❤️🧡💛,0.0046,0.0047,-0.0001,1
train-185,train,1,"Meri jaan se bhi pyari meri ladli begum sanam Singh ji me he meri Allah 🕌👈 meri Ishwar🛕👈 basa he ❤️👩‍❤️‍👨 ❤️💋 Meri iman aur meri wafa ka naam he Shivam ki sabse acchi pyari cute sweet hot khubsurat bahadur begum 👩‍🚀*'""'Sanam'""'*👩‍🚀 Singh 👩‍🚀💋👩‍🚀💋👩‍🚀💋👩‍🚀💋👩‍🚀💋👩‍🚀💋👩‍🚀💋👩‍🚀💋👩‍🚀💋>>♣️L💕o💕v💕e ♣️ .¸.•*´¨) ✿♣️ L💕o💕v💕e♣️¸.•¸.•` ✿L💕o💕v💕e ✿★.¸¸¸. •´ ♣️ °´★。♣️  　　　　`★.¸¸¸. •°´★ ♣️","❤️👩‍❤️‍👨 मेरी जान से भी प्यारी मेरी लाडली बेगम सनम सिंह जी में ही मेरा अल्लाह 🕌👈 मेरा ईश्वर🛕👈 बस्ता है ❤️👩‍❤️‍👨  ❤️💋 मेरा ईमान और मेरी वफ़ा का नाम है शिवम की सबसे अच्छी प्यारी क्यूट स्वीट हॉट खूबसूरत बहादुर बेगम 👩‍🚀*'""'Sanam'""'*👩‍🚀 सिंह 👩‍🚀💋👩‍🚀💋👩‍🚀💋👩‍🚀💋👩‍🚀💋👩‍🚀💋👩‍🚀💋👩‍🚀💋👩‍🚀💋>>♣️L💕o💕v💕e ♣️ .¸.•*´¨) ✿♣️ L💕o💕v💕e♣️¸.•¸.•` ✿L💕o💕v💕e ✿★.¸¸¸. •´ ♣️ °´★。♣️  　　　　`★.¸¸¸. •°´★ ♣️⛾♣️⛾♣️⛾♣️ L💕o💕v💕e   🌸🌸   🌹  🌸🌸 🌸🌸🌸     🌸🌸🌸 🌸🌸💗🌸💗🌸🌸 🌸💗🌸💗🌸💗🌸       🌸💗🌸🌸💗🌸      🌸💗🌸💗🌸           🌸💗🌸              🌸🌸                🌸 L💕o💕v💕e   🌸🌸   🌹   🌸🌸 🌸🌸🌸 .   🌸🌸🌸 🌸🌸💗🌸💗🌸🌸 🌸💗🌸💗🌸💗🌸       🌸💗🌸🌸💗🌸      🌸💗🌸💗🌸           🌸💗🌸              🌸🌸                🌸 L💕o💕v💕e   🌸🌸   🌹  🌸🌸 🌸🌸🌸     🌸🌸🌸 🌸🌸💗🌸💗🌸🌸 🌸💗🌸💗🌸💗🌸       🌸💗🌸🌸💗🌸      🌸💗🌸💗🌸           🌸💗🌸              🌸🌸                🌸 L💕o💕v💕e   🌸🌸   🌹  🌸🌸 🌸🌸🌸     🌸🌸🌸 🌸🌸💗🌸💗🌸🌸 🌸💗🌸💗🌸💗🌸       🌸💗🌸🌸💗🌸      🌸💗🌸💗🌸           🌸💗🌸              🌸🌸                🌸 L💕o💕v💕e   🌸🌸   🌹   🌸🌸 🌸🌸🌸     🌸🌸🌸 🌸🌸💗🌸💗🌸🌸 🌸💗🌸💗🌸💗🌸       🌸💗🌸🌸💗🌸      🌸💗🌸💗🌸           🌸💗🌸              🌸🌸                🌸 L💕o💕v💕e   🌸🌸   🌹   🌸🌸 🌸🌸🌸     🌸🌸🌸 🌸🌸💗🌸💗🌸🌸 🌸💗🌸💗🌸💗🌸       🌸💗🌸🌸💗🌸      🌸💗🌸💗🌸           🌸💗🌸              🌸🌸                🌸 L💕o💕v💕e   🌸🌸   🌹   🌸🌸 🌸🌸🌸     🌸🌸🌸 🌸🌸💗🌸💗🌸🌸 🌸💗🌸💗🌸💗🌸       🌸💗🌸🌸💗🌸      🌸💗🌸💗🌸           🌸💗🌸              🌸🌸                🌸 L💕o💕v💕e   🌸🌸   🌹  🌸🌸 🌸🌸🌸     🌸🌸🌸 🌸🌸💗🌸💗🌸🌸 🌸💗🌸💗🌸💗🌸       🌸💗🌸🌸💗🌸      🌸💗🌸💗🌸           🌸💗🌸              🌸🌸                🌸 L💕o💕v💕e    🌸🌸   🌹  🌸🌸 🌸🌸🌸     🌸🌸🌸 🌸🌸💗🌸💗🌸🌸 🌸💗🌸💗🌸💗🌸       🌸💗🌸🌸💗🌸      🌸💗🌸💗🌸           🌸💗🌸              🌸🌸                🌸 L💕o💕v💕e   🌸🌸   🌹  🌸🌸 🌸🌸🌸     🌸🌸🌸 🌸🌸💗🌸💗🌸🌸 🌸💗🌸💗🌸💗🌸       🌸💗🌸🌸💗🌸      🌸💗🌸💗🌸           🌸💗🌸              🌸🌸                🌸   🌹🌹🌹🌹🌹🌹   🌸🌸   🌹  🌸🌸 🌸🌸🌸     🌸🌸🌸 🌸🌸💗🌸💗🌸🌸 🌸💗🌸💗🌸💗🌸       🌸💗🌸🌸💗🌸      🌸💗🌸💗🌸           🌸💗🌸              🌸🌸                🌸",0.0064,0.0162,-0.0098,2
train-187,train,0,Bhosdi ke silita kyun hai,भोसडी के सिलता क्यों है,0.9992,0.999,0.0003,1
train-188,train,0,"Tumne saaloon hindu aur hindutv ke naam par kalank lagaya hai, Bhagwan ke roop me inkar karke aisi harakat kar raha hai, tumhe shame hona chahiye, doob maro",तुम सालों हिंदू और हिंदुत्व के नाम पर कलंक हो भगवान का रूप धारण करके इस तरीके की हरकत कर रहे हो शर्म आनी चाहिए तुमको डूब मरो,0.9983,0.9922,0.0061,1
train-189,train,1,Lakh samajhane par bhi jab ghar ke log ek murkh sadasy ko dhar ke mukhiya bana de to jameen aur jamai dono ki nilami tyu hai.,लाख समझाने पर भी जब घर के लोग एक मुर्ख सदस्य को धर का मुखिया बना दे तो जमीन और जमीर दोनो की निलामी तय है।,0.0172,0.5701,-0.5529,1
train-190,train,1,Jay Ma ki kalii 🌹🌷🌺🌻🌼👏👏👏,जय माँ काली🌹🌷🌺🌻🌼👏👏👏,0.0044,0.0044,-0.0,1
train-191,train,1,"Agar aapke pass time hai to hum aapse 5 minute call pe baat karna chahte hain, plz reply me","अगर आपकी ईजाजत हो तो हम आपसे पाच मिनट काॅल पर बात करना चाहते है , प्लिज रिप्लाय मी",0.0046,0.953,-0.9484,1
train-192,train,0,"Har gadi ko badalte hue dekha hai jab jab Ma Bharati ke laal khade hote hain chunav chhinne mein aur China apni gaddari ko bakhubi nibhane laga hai, apsi vivad bol ke saath Hindu China bye bye, sale gaddar ke bhai China Pakistan",हर घड़ी को बदलते हुए देखा है जब जब मां भारती के लाल खड़े होते हैं चुनाव चिन्ह में और चीन अपनी गद्दारी को बखूबी निभाने लगता है आपसी विवाद बोल के साथ हिंदू चीनी बाय बाय साले गद्दार के भाई चीन पाकिस्तान,0.9956,0.9963,-0.0007,1
train-193,train,0,"Thokkar khaate hain aur muskurate hain, is dil ko sabr karna sikhaate hain. Ham dar se bhi lekar logon ko yaad karte hain aur log dar deke bhi logon ko bhool jate hain.",ठोकर खाते हैं और मुस्कुराते हैं इस दिल को सब्र करना सिखाते हैं    हम दर्द लेकर भी लोगों को याद करते हैं और लोग दर्द देकर भी लोगों को भूल जाते हैं,0.9443,0.9921,-0.0478,1
train-194,train,0,"Isi tara se ko pradhan minister Modi ko bhi mare to bhot achha hota, Modi ka hoss thikane ho jata",इसी तरह से को प्रधान मत्री मोदी को भी मारे तो बहोत अच्छा होता मोदी का होस ठिकाने हो जाता,0.9979,0.9829,0.015,1
train-195,train,0,"Jise tujhe paida kiya uski shamman karo, tere bhai, tere baap ke pas ye video jaye to kaisa lagega, tera pati teri video dekhega to kaisa lagega, teri behen, teri ma, tera baap teri video dekhega to kaisa lagega, neech aurat",जिसने तुझे पैदा किया उसकी शर्म कर तेरे भाई तेरे बाप के पास यह वीडियो जाएगी तो कैसा लगेगा तेरा पति तेरे वीडियो देखेगा तो कैसा लगेगा तेरी बहन तेरी मां तेरा बाप तेरी वीडियो देखेगा तो कैसा लगेगा नीच औरत,0.9993,0.9978,0.0014,1
train-197,train,1,"Fishing - Machli paani mei kabhi na dubti, voter mei include hoti hai",🎣 मछली पानी में कभी नहीं डूबती है  वोटर में शामिल होती है,0.0233,0.0266,-0.0033,1
train-199,train,1,Shivani Kumari tum kahan se ho,शिवानी कुमारी तुम कहां से हो,0.0047,0.0053,-0.0006,1
train-196,train,0,"To sun meri mard ko, Raavan ne Vibhishan ko lat maarkar bahar bhagayi thi",तो सुन म****** रावण ने विभीषण को लात मारकर बाहर भगा दिया था,0.999,0.9284,0.0706,1
train-200,train,0,"Ye bahut bechain hai, ise chain se nikal ke dena hi padega",बहुत बेचैन  है ये इसे चैन मे से निकाल कर देना ही पड़ेगा,0.9819,0.9582,0.0236,1
train-201,train,1,"Hare Hare Mahadev, bom-bom bol raha hai Jay Bholenath",हर हर महादेव बम-बम बोले जय भोलेनाथ,0.0045,0.0053,-0.0009,1
train-202,train,1,"Char din ki chandani phir andheri raat, apne man ki man hi jaane dil me kya hai batein",चार दिन की चांदनी फिर अंधेरी रात  अपने मन की मन ही  जाने दिल मे क्या है बात,0.0052,0.9726,-0.9674,1
train-203,train,1,Call karo toh sahi,कॉल करो तो सही,0.0059,0.997,-0.9911,1
train-204,train,1,Aapne itna accha dance kahan seekha,आप ने  इतना अच्छा डांस कहा सिखा,0.0058,0.021,-0.0152,1
train-205,train,1,Aap toh ekdam chand jaisi khubsurat lag rahi ho yaar,आप तो एकदम से चांद जैसी खुबसूरत लग रही हो यार,0.0044,0.0154,-0.0109,1
train-208,train,0,Dil me choda karo,दिण मे चोदा करो,0.9992,0.9992,-0.0,1
train-206,train,0,"8 saal se finance minister aur govt apni budget apne liye banati hai, janta to bhukhi, nangi, basi roti kha ke hi jindgi chalati hai!",8 सालो से वित्त मंत्री और सरकार देश का बजट खुद के लिए बना रही है जनता का क्या भुखी नंगी बासी रोटी खा कर जी ही रही है !,0.998,0.9831,0.0149,1
train-207,train,0,Apni behniya se ja kar puch to re madarchod suhaagrat ka date kab aayega randi ki aulaad,अपने बहनिया से जाकर पूछो रे माधर्चोद सुहागरात का डेट कब आएगा रंडी की औलाद,0.9993,0.9993,0.0,1
train-211,train,0,Bhenchod teri maa se jyada or kya-kya rupaye gand me daal dunga phir tod dunga teri,Bhenchod तेरी मां से ज्यादा और क्या-क्या रुपैया गांड में डाल दूंगा फाड़ दूंगा तेर,0.9993,0.9993,0.0,1
train-212,train,1,"Khula bohot bada hai, chand sabka waqt ata hai. Khuda par bharosa rakho, kabhi hamari bhi bari aayegi",खुला बहुत बड़ा है चांद सबका वक्त आता है खुदा पर भरोसा रखो कभी हमारी भी बारी आएगी,0.0059,0.0209,-0.015,1
train-213,train,1,Kisne khareeda ve teri ammi ne ki tera abba ne,किसने खरीदा वे तेरी अम्मी ने कि तेरे अब्बा ने,0.0356,0.9458,-0.9102,1
train-214,train,1,Modi ji ekle hi bole the aur aaj unke 7 crore log bolte hain,मोदी जी अकेले ही बोले थे और आज उनके सात करोडों बोल रहे है,0.0293,0.0353,-0.006,1
train-209,train,0,"Pratijal chhoki fakepna dakhaw mag, kas paani nekate, aaju kuni tuja paani koni nahi kadhlay watte",प्राजाली च फोकपन दाखव मग कस पाणी नीगतय आजु कुनी तुज पानी कोनी नाही काडलय वाटत,0.9956,0.9894,0.0062,2
train-210,train,1,"Janshankhriyon.. tum swadeshi ban jao! Tum HMT ki gadi pehno, jabki Modi 2 lakh ki movado pehnta hai! Tum fast-track ke chashme pehno, woh bulgari pehnta hai! Tum bajaj ka scooter chalao, woh 13 crore ki car mein ghumta hai! Baki dil pe na lena... aur dimaag 2/- mein girvi rakkar gujarana karte ho 😜","झंडभक्तो.. तुम स्वदेशी बनो.! तुम HMT की घड़ी पहनो, हालांकि मोदी 2 लाख की मोवाडो पहनता है.! तुम फास्ट-ट्रैक के चश्मे पहनो, वो बुल्गरी पहनता है.! तुम बजाज का स्कूटर चलाओ, वे 13 करोड़ की कार में घूमता है.!  बाकी दिल पे मत लेना..  और  दिमाग 2/- में  ,गिरवी रखकर गुजारा कर रहे हो , 😜",0.03,0.9704,-0.9404,1
train-217,train,0,Abe kutte politics chhod diya karo,अबे कुत्ते राजनीति छोड़ दे,0.9881,0.9986,-0.0105,1
train-215,train,1,"Tu bhi to apna mana kar raha hai, tu ne kya kiya? Dhokha mila mereko. Suno, respect dena seekh lo unki, kisi ki jo tera liye ata hai. Warna dunia soch rahi hai, pehle aisa nahi tha ab kyun hai aisa? Par main laut kar do guna raftaar se aayunga. Aur chhodo, janab kon kitna sahi hai, mereko mat batana. Suno, aankh band karke sab dekh raha hai, usse koi nahi bacha hai. Aur satya ka kathan satya ho gaya hai, bahut samay bitana pada hai sahi banne ke liye.","तुझे भी तो अपना माना तूने क्या किया धोखा मिला मुझे   सुनो कदर करना सीखो उनकी किसी की  जो तेरे लिए अता है वरना दुनिया सोचती है ये पहले ऐसा न था अब क्यों है ऐसा पर  लौट कर मै दो गुना रफ्तार से आऊंगा  और छोड़ो जनाब कोन कितना सही है  मुझे मत बताओ  सुनो आंख बंद करके सब देख रहा है , उससे कोई नही बचा है  और सत्य का कथन सत्य हुआ है बहुत समय बिताना पड़ ता है सही बनने के लिए",0.007,0.0331,-0.026,1
train-220,train,0,"Teri ch*** ki garmi mangu ya gaddha hi utha sake, manusay ki bas ki baat nahi.",तेरी चू*** की गर्मी घोरा या गदहा ही उतार सकती हैं मनुसय की बस की बात नहीं ।।,0.9989,0.9838,0.0152,1
train-218,train,0,"Tu bohot beurri tarah se haarayega aur marega bhi, intezar karo",तु बहोत बुरी तरहसे हारेगा भी और मरेगा भी इंतजार करों,0.972,0.9875,-0.0155,2
train-219,train,0,Chai wala to chor hai leke bhag gaya hoga🤷,चाय वाला तो चोर है ले कर भाग गया होगा🤷,0.9846,0.9396,0.0449,2
train-221,train,0,Budhape me haddi bhi nahi judti,बुढापे में हड्डी भी नहीं जुड़ती,0.1294,0.9021,-0.7727,1
train-223,train,0,Aapki chu...t jaise,आपकी चू.......त के जेस,0.999,0.9987,0.0003,1
train-222,train,0,"Sudh ja na, isko bhi nikal do tab video pe jyada likes aayenge",सुधर जा नई तो ये भी निकाल दे फिर वीडियो पे ज्यादा लाइक आएंगे,0.9986,0.9898,0.0088,1
train-225,train,1,Kya baat hai,किया बात है,0.0055,0.0054,0.0002,1
train-224,train,1,"Chup chap bhulne ka sawal hi paada nahi hota, maine nahi mera dil ne tumhe chuna hai!"" Good night bhaiya, tera saath to lucky hai na 😍💖💖💖💖💖",""" 💚 भुलने 💔 का तो 💜 सवाल 💕 ही पैदा 🌼 नहीं होता, 💞 मैंने नहीं मेरे 💟 दिल ने 👆चुना 💓 है तुम्हे !! ""Good night💖💖💖💖💖💖  तेरे संग यारा - lucky",0.0044,0.0045,-0.0001,1
train-226,train,1,"Kitna pyara mahboob hai meri jo paas bulata hai, lekin main ja nahi sakta aur ground mein chakkar lagane ke siva aur kuch nahi kar sakta. Ab ki bharti mein bat dunga aur tumhare paas aane ka ticket kat lunga. Jay hind.",कितना प्यारा महबूब है मेरा जो पास बुलाता है लेकिन मैं जा नहीं सकता और ग्राउंड में चक्कर लगाने के सिवा और कुछ इरादा बना नहीं सकता अब की भर्ती में बता दूंगा और तुम्हारे पास आने का टिकट कटा लूंगा जय हिंद,0.0077,0.0121,-0.0044,1
train-227,train,1,"Bas kuch hi din bache hai is saal ke jaane ko, usne ab tak nahi bulaya maine chai pilane ke liye.","बस कुछ ही दिन बचे है इस साल के जाने को,😒 उसने अब तक नहीं बुलाया मुझे चाय पिलाने को।😵🥺",0.0063,0.9968,-0.9905,1
train-229,train,0,Fasi hone wali hai kutte ke bij ka,फासी होनी चाहिए कुत्ते के बीज को,0.9981,0.9972,0.0009,1
train-228,train,0,"Koi iski raat bhar ki rate batao, sally ko bohot garmi hai",कोई इस का रात भर की रेट बताओ साली को बोहोत गर्मी है,0.9946,0.9788,0.0158,1
train-230,train,0,Bhosdi ka bolwa,भोसड़ी का बलवा,0.9993,0.9991,0.0002,1
train-233,train,1,Sexy dik rahi ho,सेक्सी दिक रही हो,0.0466,0.0334,0.0132,1
train-231,train,0,"Akhilesh Yadav madarchod, Madarchod hai wahi Yadav madarchod",अखिलेश यादव माधरचोद यादव माधरचोद,0.9993,0.9993,-0.0,1
train-234,train,0,Randi ki real identity aayi,Randi की असली पहचान,0.9976,0.9905,0.0071,1
train-232,train,1,Super bethiyan gana bhai 👍👍🌹🌹🌹🌹🌹 superhit 💠💠💠 lajawab 💟💟🌴🌴💟💟🌴🌴💟💟🌴🌴💟💟🌸🌸💜💜🌸🌸💜💜🌸🌸💜💜,सुपर बेहतरीन गीत भाई 👍👍🌹🌹🌹🌹🌹 सुपरहिट 💠💠💠 लाजवाब 💟💟🌴🌴💟💟🌴🌴💟💟🌴🌴💟💟🌸🌸💜💜🌸🌸💜💜🌸🌸💜💜,0.0043,0.0043,-0.0,1
train-236,train,1,"School abhi band hai, right","स्कूल अभी बंद हैं , राइट",0.0047,0.4968,-0.4921,1
train-238,train,0,10 rupaye ki Pepsi Ayyar bhai sexy 😅😂,10 रुपए की पेप्सी अय्यर भाई सेक्सी 😅😂,0.0279,0.0233,0.0046,1
train-239,train,1,Aapka number chahiye,आपका नंबर चाहिए,0.0053,0.0062,-0.0009,1
train-237,train,0,"Kuch log bol rhe hain ki petrol diesel mahrha hain, be-shak aur mahrna chahiye. Pehle ki shaadiyon me cycle se kaam chal jata tha, ab to sale log motorbike ke bina hi shaadi nahi karte. To bataie kya hoga, oil ke daam nahi badhenge?",कुछ लोग बोल रहे हैं कि पेट्रोल डीजल महंगा हो रहा है बेशक और महंगा होना चाहिए पहले के शादियों में साइकिल से काम चल जाता था अब तो साले लोग बिना मोटरसाइकिल के शादी करेंगे ही नहीं तो बताइए क्या होगा तेल का दाम नहीं बढ़ेगा,0.9967,0.9933,0.0035,1
train-240,train,1,"Miltay rahiyega jultay rahiyega, milte-julte rahiye... aapse hi mazza hai, aapse masti hai 😎🔥",😍🔥मिलते रहिए जुलते रहिए मिलते-जुलते रहिए__________ आपसे ही मौज है आपसे  है मस्ती 🤓😆😜,0.0048,0.9729,-0.9681,1
train-243,train,0,"Ab hamari kya aaye, ab to tum se hi maza le rahi ho na 💔💔👏",अब हमारी कयु आये अब तो तुम स का से मजा ले रही होगी✍💔💔👏,0.0214,0.0094,0.012,1
train-245,train,1,Or hume tum bahut pados ho yar ❤,और हामे तुम बहुत पंसद हो यार ❤,0.0045,0.0061,-0.0016,1
train-246,train,0,Ya ladka ji ki gand chata media walo ko,या लवडा जी ची गांड चाटा मीडिया वयलोनो,0.9993,0.9792,0.02,1
train-241,train,0,"Jiske hindu ka khoon na kholay khoon nahi, vo paani hai jo shri ram ke kaam na aaye vo bekaar jawani hai. Jai shri ram🚩",जिस हिन्दु का खून ना खौला खून नही वो पानी है  जो श्री राम के काम ना आये वो बेकार जवानी है   जय श्री राम🚩,0.9923,0.9647,0.0276,3
train-247,train,1,Good morning jee ☀️☕🌼🌹,🌅 गुड मॉर्निंग जी🌅🌅🌅🌅🌅🌅🌅🌅☕☕☕☕☕☕☕☕☕☕☕☕☕☕🌼🌼🌼🌼🌼🌼🌼🌼🌹🌹🌹🌹🌹🌹🌹🌹🌹🌹🌹🌹🌹🌹🌹🌹🌹🌹,0.0043,0.0045,-0.0002,1
train-250,train,0,"Bhabhi ji aai, humko mar dete hai Banaras mein",भाभी जी आई हम को मार देते हैं बनारस,0.994,0.9966,-0.0026,1
train-249,train,1,"Zindagi ki haqeeqat ko humne itna hi pata hai, dar me akela hai aur khushiyon me toh pura zamana hai","जिंदगी की हकीकत को बस हमने इतना ही जाना है, दर्द में अकेले हैं और खुशियों में सारा जमाना है",0.0047,0.997,-0.9923,1
train-251,train,1,Bahut good didi,बहुत  अच्छा  दीदी,0.0052,0.009,-0.0039,1
train-252,train,0,"Kutta ladke ko khaata hai, be*** kutta ladke ko khaata hai",लड़के को खाते हैं कुत्ते क**** लड़के को खाते,0.9989,0.9988,0.0001,1
train-255,train,0,"Salo China wale ne tatti kha li, kya beemari phir a rahi hai",सालो चीन वालो ने टट्टी खा ली क्या बीमारी फिर आ रही,0.9989,0.9803,0.0186,1
train-254,train,1,"Aap abhi bahut chote ho, bacche, mummy papa mana nahi karte aisi video banaane ke liye. Padhai par dhyan do, aapki age nahi hai. Ye galt hai beta, sharam karo please.",अभी बहुत छोटे हो आप बच्चे mummy Papa मना नहीं करते ऐसी वीडियो बनाने के लिए पढ़ाई पर ध्यान दो अभी आपकी age नही है ये गलत है बेटा  शर्म करो please,0.0143,0.9977,-0.9834,1
train-256,train,0,Upat chunge ho... tyachi kon ka ase na to TP sathi video banvto... kashla faltu comment karta... aavdla tar like karo nahi tar sudun dyave...,उपटचोंगे हो... त्याची कोण का असेना तो tp साठी व्हिडिओ बनवतो... कशाला फालतु कमेंट करता... आवडलं तर लाईक करा नाय तर सोडुन द्यावे...,0.9987,0.9975,0.0012,1
train-257,train,1,Aisa tab kiya jata hai jab analysis me distances objects ke compare me kafi bada hota hai. Isliye grahon ko ek karn man kar unke koshikiya gati ko maasa jaa sakta hai.,ऐसा तब किया जाता है जब विश्लेषण में दूरियां वस्तुयों की तुलना में काफी बड़े होते है। इसलिए ग्रहों को एक कण मान कर उनके कक्षीय गति को मापा जा सकता है।,0.0077,0.0099,-0.0022,1
train-259,train,1,"Koi baat nahi, mobile chalana band nahi karenge. Mobile ke bina zindagi kahan hai.","कोई बात नहीं, मोबाइल चलाना नहीं छोडेंगे।  मोबाइल के बिना जिंदगी कहा है।",0.016,0.0298,-0.0137,1
train-258,train,0,Aapke bhai ki rehne wali hai,आपके भाई की रहने वाली है,0.905,0.9855,-0.0805,3
train-260,train,1,"Jo bhonkati hai India me sukoon azaadi nahi hai, aankhen phad ke dekh lo kaun si halat hai wahan ke ab soch lo India jaisi maut ke paon nahi paoge jo khaati ho yahan ki gati ho Pakistan ki 🤔🤔🚩🚩⚔️🔱🚩🚩",जो भोंकती है इंडिया मे सुकून आज़ादी नही है आँखें फाड़ के देख लो क्या हालात है  वहाँ   के अब सोच लो इंडिया जैसी मौज कही नहीं पाओगी जो खाती हो यहाँ की गाती हो पाकिस्तान की 🤔🤔🚩🚩⚔️🔱🚩🚩,0.9954,0.9907,0.0047,1
train-262,train,1,Maine apne ghar se panga kiya aur bharayi mehf-eel me danga mat karo warna chowk pe nanga aur asthiyon ko ganga me baha dunga. Tere sang yara - S.R.,मेरी Ĵααท 👸 से ↣#पंगा ⚔ और भरी ↹ महफील 👨‍👨‍👦‍👦 मे ⇛ #दंगा ❌ मत करना...* *_वरना ↳ #चोराहे🗼 पे ➥नंगा 👨 और ➣ #अस्थियो🔱 को ↪ गंगा Me #बहा 🏊 दूंगा✔  तेरे संग यारा - S.R,0.0045,0.0116,-0.0071,1
train-263,train,0,"Bekuf isse to achha hai, ma-baap ki seva karo, kutte jaisi shakal mat banaye","बेवकूफ इस से तो अच्छा है, मां बाप की सेवा कर कुत्ते जैसी शक्ल मत बना",0.9989,0.9991,-0.0001,1
train-261,train,0,"Teri gand sirf kutte mar sakte hai, insaan nahi mar sakthe randi burchoodi chhinaar, aage ka ched band ho jaye 😡😡😡😡😠😠😠😠😠😠😡😡😠😠😬😬😬😬",तेरी गांड सिर्फ कुत्ते मार सकते हैं इंसान नहीं मार सकते रंडी बुरचोदी छिनार आगे का छेद बंद हो जाए 😡😡😡😡😠😠😠😠😠😠😡😡😠😠😬😬😬😬,0.9993,0.9972,0.0021,1
train-264,train,0,"Itne bade bade me isko bade ne, main bahut mehnat karni padti ho, jahan se jabraast aur gora gora boobs hai",इतने बड़े बड़े इसे बड़ा ने मैं बहुत मेहनत करनी पड़ी होगी खुबसूरत भी जबरदस्त गोरे गोरे बूब्स,0.9992,0.9988,0.0003,1
train-265,train,1,Sabke nazar mein meri image gira kar tu kya prove karna chahta hai,सबके नजर में मुझे गिर कर तु क्या पना चहता है,0.0062,0.0048,0.0014,1
train-267,train,1,Aap apna number de do please,आप अपना नंबर दे दीजिए प्लीज,0.005,0.0053,-0.0003,1
train-266,train,1,"Kitna jalte ho aap, bhai bahan ke ek hi dharma hai, jab kisi ke saath ladaai ho to kya tension le. Main to in logo ke saath bahut mar jati hu. Aisa maza jo apni bahan ke saath aata hai, wahi maza kisi rishte me nahi aata. Jaise gai ko apni seeng bhari nahi lagti, waise hi bahan bhai ko kisi baat ka bura nahi lagta. Tension na lo Varsha, sis ko bol dungi aapka naam bhi likh de.","Kitna Jalte 🔥 Ho aap भाई बहन का एक ही धर्म है जम के लड़ाई isme koi saq nhi hai inse khub larti hu mai.. 😀 जो मज़ा अपनी बहन के साथ आता है, वो मज़ा दुनिया के किसी रिश्ते में नहीं🤗 जैसे गाय को अपनी सींग भरी नहीं लगती, वैसे ही बहन भाई को किसी बात का बुरा नहीं लगता 😀😀tension na lo varsha Sis ko Bol dungi aapka bhi naam likh de 😀😀",0.0125,0.9717,-0.9592,1
train-271,train,0,Rahul ki amma bar dancer thi aur ye Bharat ka muzare wala hai,राहुल की अम्मा बार डांसर थी और ये भारत का मुजरे वाला है,0.999,0.9843,0.0147,1
train-272,train,0,"Chala ja Bh××××××di ke chala ja, nahi toh janta ne marne start kar diya toh tu ake bhi na bol payega🤣🤣🤣",चला जा Bh××××××di ke के चला जा नही तो जनता ने मारना स्टार्ट कर दिया तो तू आ भी न बोल पायेगा🤣🤣🤣,0.9992,0.999,0.0002,1
train-274,train,0,"Iske piche ka kya maza lia tumko pata nahi hai, chalo tumhari maa ka bhosda",इसके पीछे का पीछे का क्या मजा लिया वह तुमको मालूम नहीं है चलो तुम्हारी मां का भोसड़ा,0.9993,0.9988,0.0004,1
train-275,train,1,Ghar ghar mein bandh ho raha hai India,घंटा भारत बंद,0.0135,0.006,0.0075,1
train-273,train,0,Tumhe sharm nahi aati haiya,तुम्हें शर्म नहीं आती हाय,0.9984,0.8792,0.1192,2
train-276,train,1,Aaj hume Chand ki bahut yaad a rahi hai,आज हमें चांद की बहुत याद आ रही है,0.0048,0.016,-0.0112,1
train-278,train,1,Traditional clothes me apni beauty show karo 😌,पारंपरिक कपडे मध्ये अप्रतिम सौन्दर्य 👌,0.0044,0.0086,-0.0042,1
train-277,train,0,Gand phat gayi hogi 😂😂😂😂😂😂,गांड़ फट गई होगी🤣🤣🤣🤣🤣🤣,0.9992,0.9656,0.0337,1
train-279,train,1,Do ghot se straight CocaCola pe a gaye aap to 😅😅🤣🤣😜😜💥💥,दो घूट से सीधे कोकोकोला पे 😅😅🤣🤣😜😜💥💥आ गए आप तो,0.0134,0.207,-0.1936,1
train-280,train,1,"Itarate tuje kuchh nahi bhai, hai hi nahi tu",इतराते तुझे कुछ नहीं भाई है तो है ही नहीं तू,0.0184,0.9872,-0.9687,1
train-281,train,0,Madarchod chauraha pe khada karke marne chahiye aise darinda aadmi ko 😡😡,माधरचोद चौराहे पे खड़ा कर के मारना चाहिए ऐसे दरिंदे  आदमी को 😡😡,0.9993,0.9993,0.0,1
train-269,train,0,"India ki cricket team jeetne ki ummed rakhna galat hai. Agar jeet bhi gaye to Ram bharse nahi to ab tak team harini nahi, ab kya ho gaya inko? Oh bhi 10 wickets se hara ke, is se aur bhi sharam ki baat ho sakti hai. Inko apne desh par naaz nahi hai. Kaunsi kami hai inko? Luxury life hai inki, paison ki kami kahan hai? Bharat ke sher charo cheet dher. Agar desh ka naam ucha nahi kar sakte to oh koi bhi insaan ho ya khiladi, doob kar jana chahiye. Agar main kuch galat kehta hu to maaf kare. Jay hind jay bharat jay hind rastra.","भारतीय क्रिकेट टीम की जीतने की उम्मीद करना गलत बात है ये अगर जीत जाते हैं तो राम भरोसे नहीं तो आज तक टीम हारी नहीं अब क्या हो गया इनको, ओह भी 10 विकिट से हारना इस से अधिक शर्म की बात और कुछ नहीं हो सकती, इनको अपने देश पे नाज़ नहीं है, क्या कमी रही इनको लक्जारी लाइफ है इनकी क्या पैसों की कमी पड़ी क्या इनको, भारत के शेर चारो चीत ढेर, देश का नाम अगर उच्चा नहीं कर सकते तो ओह कोई भी इंसान हो या खिलाड़ी डूब कर जाना चाहिए इनको अगर इसमें मैंने कुछ गलत कहा हो तो माफी चाहता हूं जय हिन्द जय भारत जय हिन्द राष्ट्र",0.9803,0.9752,0.0051,2
train-282,train,1,Kun band? Kaisa band? Aise fake political activists ke kahne par main to apne shirt ke buttons tak band nahi karungi 😠,कौन सा बन्द? कैसा बन्द? ऐसे फर्जी राजनीतिक आंदोलनकारियों के कहने पर मैं तो अपने शर्ट के बटन तक न बन्द करूँ😠,0.0168,0.9853,-0.9684,1
train-284,train,0,Gori bana ke rakhunga,घोड़ी बना के रखूंगा,0.9901,0.9678,0.0223,1
train-283,train,1,Good morning sister💐🌹🌹🌹🌹🌹🌹🌹🌹🌹🌹🌹🌹🌹🌹🌹❤🙏😊,गुड मॉर्निंग सिस्टर💐🌹🌹🌹🌹🌹🌹🌹🌹🌹🌹🌹🌹🌹🌹🌹❤🙏😊,0.0043,0.0043,-0.0,1
train-286,train,0,"Hum toh ghus lena ki shikayat karege to jo humara kaam ho jata hai fir ye bhi nahi hoga, Yogi ji chakkar katwaa dega hume aapke afsar office ke. Ab ghuske kaam to ho hi jata hai time par",घुस लेने की सिकायत करेगे हम तो जो हमारा काम हो जाता है फिर यह भी नही होगा योगी जी चक्कर कटवा देगे हमे आपके अफसर ओफिस के अब घुस देकर काम तो हो ही जाता है टाईम पर,0.9979,0.9919,0.0059,1
train-285,train,0,"24 saal ka londe ko pakad aur pichhwarde mein apne tel lagake usko upar chadhale, suhaag raat jitna anand aayega tumhe b**** aadmi yehi sab rehenga ladkiyon se puchhne ke liye",24 साल के लौंडे को पकड़ और पिछवाड़े में अपने तेल लगा कर उसको ऊपर चढ़ा ले सुहागरात जितना आनंद आएगा तुझे ब**** आदमी यही सब रहेगा लड़कियों से पूछने के लिए,0.9992,0.998,0.0011,1
train-290,train,1,Sab kuchh theek hai par ye language pallay na pangi.,सबकुछ ठीक है पर ये भाषा पल्लै ना पङी।,0.0127,0.0241,-0.0115,1
train-289,train,1,"Har haalat mein samhala hai meri kannha ne, bahut nazar hai kannha ki behen hone par mujhe 🤗 Jay jay shri radhe 😊 jay naval kishori 😊",हर हालत में सम्हाला है मेरे कान्हा ने मुझे बहुत नाज़ है कान्हा की बहन होने पर मुझे🤗  जय जय श्री राधे 😊 जय नवल किशोरी😊,0.0045,0.0046,-0.0001,1
train-291,train,0,"Abe sale papa ki izzat karo, 😡😡😡😡","अबे साले पापा की इज्जत कर,😡😡😡😡",0.9968,0.9947,0.0021,1
train-292,train,0,Teri chut aur bhi acchi hogi,तेरी चुत और भी अछी होगी,0.998,0.9992,-0.0012,1
train-293,train,1,"Chehra kya dekhte ho, dil me utar kar dekho na 😊😊",चेहरा क्या देखते हो दिल मे उतर कर देखो ना😊😊,0.0048,0.0313,-0.0264,1
train-294,train,0,"Hathi chale bazaar, kutte bhuke hazaar",हाती चले बजार कुत्ते भुके हजार,0.9941,0.9768,0.0173,1
train-295,train,0,Fate note aur ghatiya post dono chal jate hain... basarthe vo kisi ladki ke ho...!!! 😝😝,👊🏻फटे नोट और घटिया पोस्ट दोनों चल जाते हैं...  बशर्ते वो किसी ladki 👰 के हों....!!!☝🏻😝😝 😝 😝,0.9991,0.9674,0.0317,1
train-297,train,1,Good morning madam ji 🌹🌺🌹🌺🌹🌺🌹🌺🌹🌺🌹🌺🌹🌺🌹🌺🌷🌺🌷🌺🌷🌺🌷🌺🌷🌷🌺 labli labli madam ji 🙏🙏🙏,गुड मॉर्निंग मेडम जी🌹🌺🌹🌺🌹🌺🌹🌺🌹🌺🌹🌺🌹🌺🌹🌺🌷🌺🌷🌺🌷🌺🌷🌺🌷🌷🌺लबली लबली मेडम जी🙏🙏🙏,0.0043,0.0044,-0.0001,1
train-298,train,1,Aajkal share chat ka ye haal hai ki ek ladki dusri ladki se puchi thi 😏👉👰 Behen tum ladki he ho na 😂😂😂 😹,आज कल share chat का ये हाल है की एक लड़की दूसरी लड़की से पूछती है  🧏👉👰 बहन तुम लड़की ही हो ना 🤣🤣🤣 😹,0.0255,0.4833,-0.4578,1
train-299,train,1,Wow ye kisne sung?,वाव ये किसने गाया,0.0072,0.0051,0.0021,1
train-302,train,1,Aap sabko Mata Rani ke navam navratri aur Durga Navami ki heartly shubhkamane 🌷Good morning🌷,आप सभी को माता रानी के नौवे नवरात्र एवं दुर्गा नवमी की हार्दिक शुभकामनाएं   🌷Good morning🌷,0.0043,0.0277,-0.0234,1
train-304,train,0,"O bhai a chal kya raha hai yaar, mtlb inke pas sham nahi hai sab like follow mein batch khai 😡😡😡👉🥻🥻🥻👈 lo",ओ भाई ऐ चल क्या रहा है यार मतलब इनके पास शर्म नहीं है सब लाइक फालो में बैच खाई 😡😡😡👉🥻🥻🥻👈 लो,0.996,0.9961,-0.0001,1
train-303,train,0,"Bharat Sarkar me bahut sare minister jee NGO se padhe hue hi hain, sharm nahi aati aise logon ko karna. Jaise logon ke bayaan ka support karte hue ye log court ke chakkar me apne desh ke khilaaf bhi bole sakte hain. Aise logon se bachna hi hoga.",भारत सरकार में बहुत सारे मंत्री जी एन यू से पढ़े हुए ही हैं शर्म नहीं आती है ऐसे लोगों को करना जैसे लोगों के बयान का समर्थन करते हुए यह लोग कोर्ट के चक्कर में अपने देश के खिलाफ ही बोल सकते हैं ऐसे लोगों से बचना ही होगा,0.9872,0.9712,0.016,1
train-305,train,1,Aapke sthan bahut sundar lagte hain,आपके स्तन बहुत सुंदर लगते हैं,0.0163,0.0128,0.0036,1
train-306,train,0,Yeh bhi utar do abhi bhi,यह भी उतार दो अभी भी,0.9973,0.9769,0.0204,1
train-307,train,1,Main ab tumhe pata karta hoon,मैं तुम्हें अब पता करता हूं,0.0058,0.0068,-0.001,1
train-308,train,0,"Ekdam darawani chudel laga rahi hai, kuch toh sharm kar le video banane chali hai 😂😂😂😂🌅",एकदम डरावनी चुड़ेल लग रही है कुछ तो शर्म कर ले video बनाने चली है 😂😂😂😂🌅,0.999,0.9966,0.0024,1
train-309,train,1,"Shubh prabhat, publication date ke hisaab se",शुभ प्रभात प्रकाशन तिथि अनुसार,0.0048,0.008,-0.0033,1
train-311,train,1,"Good morning, baat to sahi hai, log paise ki wajah se rishte tood dete hain",गुड मॉर्निंग बात तो सही कही है लोग पैसे की वजह से रिश्ते तोड़ देते हैं,0.0046,0.0057,-0.0011,1
train-310,train,1,"Ye mohabbat ke haados aksar dilon ko todh diya karte hain. Aap manzil ki baatein karte ho, log toh raaste mein saath chodh diya karte hain. 💔💔😒🙏",यह मोहब्बत के हादसे अक्सर दिलों को तोड़ दिया करते हैं आप मंजिल की बातें करते हो लोग तो रास्ते में साथ छोड़ दिया करते हैं💔💔😒🙏,0.0058,0.989,-0.9832,1
train-312,train,0,Lagta nahi aap chudail jaisi dikhti hogi,लगता नहीं आप चुड़ैल जैसी दिखती होगी,0.9992,0.8523,0.147,2
train-316,train,1,Super very very good dost,सुपर वेरी वेरी गुड दोस्त,0.0046,0.0048,-0.0002,1
train-313,train,0,"2 bacche hone ke baad bhi ye kaam karte hue, sharm aani chahiye is tarah ki aurat ko",2 बच्चे होते हुए भी ये काम शर्म आनी चाहिए ऐसी ओरत को,0.9905,0.9706,0.02,1
train-315,train,0,"Besharam aurat, mu bhi nahi, tera achha sa tera ek number baar wali lagti hai tu murkh 🐴🐴🐴👈",बेशरम औरत मु भी नहीं तेरा अच्छा सा तेरा ऐक नंबर बार वाली लगती है तु मुर्ख 🐴🐴🐴👈,0.9992,0.9971,0.0021,1
train-317,train,1,"Isko sachcha pyar kehte hai, jeene marne ka wada, saadi ke baat ke liye bade ne nibha gaye",इसे कहते हैं सच्चा प्यार जीने मारने का वादा सादी के बक्त लिए बड़े निभा गए,0.0129,0.0112,0.0018,1
train-314,train,0,"Ram meri land ka bal hai, Ram ki gand mar mar kar maine Ram ki Sita ko choda dala, Sita ki chut se jo do bacche nikale the ve meri Sita rehti hai aur Hindi rehigi, Sita ki chut mein mandir lekar chodta hoon",❁✤राम✤❁✤मेरे✤❁✤लण्ड✤❁ ✤का✤❁✤बाल✤❁✤है✤❁✤राम✤की✤❁✤गांड✤❁✤मार✤❁✤मार✤❁✤कर✤❁✤मैंने✤❁✤राम✤❁✤की✤❁✤सीता✤❁✤को✤❁✤चोद✤❁✤डाला✤❁✤सीता✤❁✤की✤❁✤चुत✤❁✤से✤❁✤जो✤❁म✤2✤❁✤बच्चे✤❁✤निकले✤❁✤थे✤❁✤वे✤❁✤मेरे✤❁✤सीता✤❁✤रहती✤❁✤है✤❁✤और✤❁✤हिंदी✤❁✤रहेगी✤❁✤सीता✤❁✤की✤❁✤व्चुत✤❁✤में✤❁✤मंदिर✤❁✤में✤❁✤ले✤❁✤जाकर✤❁ ✤चोदता✤❁✤हूं✤❁,0.9993,0.9993,0.0,1
train-319,train,0,Arey bhai kon hai ye saala 😮😮,अरे भाई कोन है ये साला 😮😮,0.9972,0.985,0.0122,1
train-320,train,0,"Arey madarchod, video mat bana, teri shakal achchi nahi lag rahi hai",अरे मादरचोद तू वीडियो मत बनाया कर तेरी शक्ल अच्छी नहीं लगती है,0.9993,0.9993,-0.0,1
train-323,train,1,"So sorry beautiful didi, aap bahut cute nahi nate ho",सो सॉरी ब्यूटीफुल दीदी आप बहुत क्यूट न नाचते हो,0.0044,0.0074,-0.003,1
train-324,train,1,"Sab chhodkar ja raha hai, kya meri babu bhi merko chhodkar chal jayega. Phir mera kya hoga babu. 😭😭😭😭😭😭😭😭😭",सब छोड़ कर जा रहा है क्या मेरा बाबू भी मेरे को छोड़ कर चलजायगा। फिर मेरा क्या होगा बाबू। 😭😭😭😭😭😭😭😭😭😭,0.0054,0.0131,-0.0077,1
train-322,train,0,"Maine bhi sachcha pyaar kiya lekin wo meri jagah chali gayi, ab wo kisi aur ke saath hai, aur tu bhosdi ke sachcha pyaar bol raha hai. Sachcha pyaar wale logon ko bhosdi ke breakup time chala jata hai.",भोसड़ी के कितना झूठ बोल रहा है मैंने भी सच्चा प्यार किया मुझे तो छोड़कर चली गई वह किसी और के साथ और तू बोलना है भोसड़ी के कि सच्चा प्यार करने वालों के सच्चा प्यार करने वालों के सच्चा प्यार करने वालों को ब्रेकअप टाइम चला जा भोसड़ी के,0.9993,0.9984,0.0009,2
train-325,train,1,Panchrputr janna dena zaroor aayenge,पंचरपुत्र ज्ञान देने  जरूर आएंगे,0.0072,0.0062,0.0009,1
train-326,train,1,Apne mujhe kaise dund liya 🌹🌹🙏🙏🙏,अपने मुझे कैसे दुन्ड लिया 🌹🌹🙏🙏🙏,0.0065,0.0046,0.002,1
train-318,train,0,"Madarse ho ya mandir, Ram Rahim, A R Rahman, Ali agar koi bhi haramkhore desh ki behen beti ki or ankh uthaye to sale se ankh nikal leni chahiye. Ek Bharatiya hone ke nate se aap logon se nivedan hai ki kisi bhi behen beti ka baalatkari kisliye izzat de rhe ho? Jooton ki mala ke saath saath govt se bhi sawal karna chahiye. Jai Hind Jai Bharat.",मदरसे हो या मंदिर राम रहीम ए आर रहमान अली अगर कोई भी हरामखोर देश की बहन बेटी की ओर आंख उठाए सालों की आंख निकाल लेनी चाहिए एक भारतीय होने के नाते आप लोगों से निवेदन है कि किसी भी बहन बेटी के बलात्कारी को इज्जत देने की वजह है जूतों की माला के साथ साथ सरकार से भी सवाल करना चाहिए जय हिंद जय भारत,0.9992,0.9786,0.0206,2
train-327,train,1,"Aise na bazaar jao, corona ho jayega 😂 Mask lagao aur ache se kapda peke jao...",ऐसी ना बाज़ार जाया करो कोरोना हो जाएगी 😂मास्क 😷 लगाकर और अच्छे से कपड़ा पहन कर जाया करो ....,0.0143,0.0149,-0.0006,1
train-328,train,1,BJP ka real meaning kisi ko pata karna hai toh woh mere group ka naam check kare mere ID me ja kar 🤷‍♂️🤷‍♂️🤷‍♂️,बीजेपी का असली मतलब किसी को जानना है तो वो मेरे ग्रुप का नाम चेक करे मेरी आईडी में जा कर🤷🤷🤷,0.0064,0.0166,-0.0102,1
train-329,train,0,Mandar chod dupatta daal leti,मांदर चोद दुपट्टा डाल लेती,0.9993,0.9991,0.0002,1
train-330,train,1,"Dil dil ko diya karte hain, auron ko nahi. Pyar ek se kiya karte hain, hazaron se nahi.",दिल दिल को दिया करते हैं औरों को नहीं प्यार एक से किया करते हैं हजारों से नहीं,0.0058,0.9917,-0.986,1
train-333,train,0,R kya tumne to Sridevi ko bhi fail kar diya,R क्या तुमने तो श्रीदेवी भी फेल कर दी,0.0327,0.9657,-0.933,1
train-332,train,0,"Kewal aapne sach nahi bola, aapne bhi kaha aur iske alawa kai logon ne kaha to Modi ke andhbhakt bhadke gaye",केवल आपने बात सच नहीं कही आपने भी कही और इसके अलावा कई लोगो ने कही तो अंधभक्‍त भड़क गए मोदी के,0.9968,0.9634,0.0334,1
train-334,train,1,"Ab mere haath me dard h balike, baat karni h to ib kr do, nahi to kal yhi aata hu 😊😊😊😊😊","अभी मेरा हाथ दर्द कर रहा बालिके,,, बातचीत करनी हो तो 𝕚𝕓 कर देना,, नहीं तो कल आता हूं यही पे 😊😊😊😊😊",0.0067,0.0182,-0.0115,1
train-336,train,0,"Suroon ki aulad, mewsahi halaali jehadee kabardi katua hai",सूअरों की ओलाद मवेशी हलाली जेहादी कबाड़ी कटुआ है,0.9993,0.9943,0.0049,1
train-335,train,1,"Auron ki tarah wo bak bak nahi karni, uski aankhon se bahut kuch keh jati hai. Jab bhi yaad aaye uski, humko jante hai dil ko kaise samajhte hai. 💖💖💖💖💖💖","औरों की तरेह वो बक बक नहीं करती अखियों से बहुत कुछ कह जाती है जब भी याद आ जाए उसकी कभी, हमे जानते हैं दिल को कैसे समझते है,  💖💖💖💖💖💖",0.0043,0.0046,-0.0003,1
train-337,train,1,Zooming thoda slow hota to achha rehta.. lekin video bahut accha bana hai h😎😎😎😎😎,Zooming थोड़ा स्लो होता तो अच्छा रहता..  लेकिन वीडियो बहुत अच्छा बनाना h😎😎😎😎😎,0.0048,0.0062,-0.0013,1
train-331,train,0,"Darvakhana band karo doctor, darru piwun divatit ka",दवाखाना बंद करा डॉक्टर दारू पिऊन डिवटी करतात का,0.9649,0.994,-0.0292,3
train-338,train,0,"Abe tere jaisa pancputra jo thehre, un deshdrohiyo ke naam lete kyun sharam nahi aati teri maa ke lode ke saath?",आबे तेरे जेसें पंचपुत्र जो ठेहरे ऊन देशद्रोही यो के नाम लेते शरम आती हे तुझे,0.999,0.9886,0.0105,1
train-340,train,1,"Very good, kahan ke rehne wale ho?",वेरी गुड कहां के रहने वाले हो,0.0046,0.912,-0.9074,1
train-341,train,1,Tum sab yaar har cheez chhod diya karo lekin ummeed karna aur muskurana kabhi mat chhodna. Isse zindagi ke jeene ka sahaara milta hai.,तुम सब यार हर चीज छोड़ दिया करो लेकिन उम्मीद करना और मुस्कुराना कभी मत छोड़ा करो  इससे जिंदगी का जीने का सहारा मिलता है,0.0045,0.9795,-0.975,1
train-342,train,1,Bhains bhi doodh nahi deti,भैंस भी दूध नहीं देती,0.9511,0.6386,0.3125,1
train-339,train,1,"Koi fark nahi padhta ki aap kitne aamir ho ya dozon gadiya aapke paas hai. Kyunki... ghar ke bathroom tak aapko chal ke jana padega. Isliye sambhal ke chaliye. Zindagi ka safar chota hai, hastesi hantesi kaatiye, anand aayega. 🇮🇳","कोई फर्क नहीं पड़ता कि ,आप कितने अमीर हैं ? और दर्जनों गाड़ियाँ आपके पास हैं ? क्योंकि…घर के बाथरूम तक आपको चल के ही जाना पड़ेगा… इसलिए संभल के चलिए … ज़िन्दगी का सफर छोटा है , हँसते हँसते काटिये , आनंद आएगा ।।,🇮🇳🇮🇳🇮🇳🇮🇳🇮🇳🇮🇳🇮🇳🇮🇳🇮🇳🇮🇳🇮🇳",0.0045,0.9989,-0.9944,1
train-344,train,1,Jai shri Ganesh,Jai श्री गणेश,0.0051,0.0053,-0.0002,1
train-343,train,0,"Arey tum to marne ke baad bhi jalte ho, itihas kya badalon gaye, jinda bhi jalte ho",अरे तुम तो मारने के बाद भी जलते हो इतिहास क्या बादलों गए  जिंदा भी जलते हो,0.9969,0.9443,0.0526,1
train-345,train,0,"Ch** dikha de, jyada likes aenge",च** दिखा दे ज्यादा लाइक आएंगे,0.9993,0.9992,0.0,1
train-347,train,1,Shubh raat ji...,शुभ रात्रि जी.....,0.0048,0.007,-0.0021,1
train-346,train,1,"Kya sahi hai aur kya galat, ab ye faisla toh bhagwan hi kar payega. Kyunki insaan ke haath se sab nikal chuka hai bails ki baad.",क्या सही है और क्या गलत। अब ये फैसला तो भगवान ही कर  पायेगा। क्योंकि इंसान के हाथ से सब निकल चुका है जमानत के बाद,0.0176,0.9545,-0.937,1
train-349,train,1,"Aapke is bayaan me 99% cases fake hai, bilkul galat hai",आपका ये बयान बिलकुल गलत है 99% केस फर्जी है,0.0097,0.9683,-0.9586,1
train-350,train,1,Majak banake rakh diya hai,मजाक बना कर रख दिया है,0.0143,0.9321,-0.9178,1
train-353,train,1,100 crore chor ke ghar bhasa lete ho teko,"100,कोटी,चोरुन,घरी बसा लेत,तेकाय",0.0047,0.5087,-0.504,1
train-352,train,0,Randi se kam nahi lagti ho,रंडी से कम नहीं लगती हो,0.9993,0.9466,0.0527,2
train-351,train,1,"Mushkil is duniya mein kuchh bhi nahi, phir bhi log apne ideas todh dete hai, agar sachche dil se ho chaht kuchh pane ki, to raaste ke pethar bhi apni jagah chhod dete hai!! 💕💕💕💕💕","मुश्किल इस दुनिया में कुछ भी नहीं, फिर भी लोग अपने इरादे तोड़ देते है, अगर सच्चे दिल से हो चाहत कुछ पाने की, तो रास्ते के पत्थर भी अपनी जगह छोड़ देते है !!    ❣️❣️❣️❣️❣️❣️",0.0044,0.0273,-0.023,1
train-356,train,1,"Uthna pada hai yaar, pani bhi lekar aata hoon konwe se",उठना पड़ता है यार पानी भी ले कर आता हूं  कुंवा से,0.0128,0.9489,-0.9361,1
train-355,train,0,Abey dada toh mudd wale jhatoo,अबे दाड़ी तो मुड़ वाले झाटु,0.9988,0.9868,0.0121,1
train-357,train,0,"Iske wajah se match isliye haare rahe hain kyuki satta me koi panauti baitha hai par is time us panauti ka naam nahi lunga, karna to kuch logon ke picchwade me aag lag jayegi 😄😄😅😅😂😂",इसकी वजह से नहीं मैच इसलिएहार रहे हैं क्योंकि सत्ता में कोई पनौती बैठाया है पर इस टाइम नाम उस पनौती का नहीं लूंगा करना कुछ लोगों के पिछवाड़े में आग लग जाएगी😀😀😁😂😂😃😃😄😄😅😅😆😆😉😉😍😍,0.997,0.974,0.0229,1
train-358,train,1,SIT B dekar baccha budhhi aurat ke ghar me rakh denge,सिट b को देकर बच्चा बुड्ढी औरत के गोद में रख देंगे,0.9828,0.0168,0.966,1
train-348,train,1,"😀😀😀😀😀😀😀😀😀: 12th ke baad BA karna utna hi zaruri hai jitna marne ke baad 13th karna. Kuch nahi hota, bas aatma ko shanti mil jati hai. 😄😄😄😄😄: Dost ki shadi mein itna nagin dance kiya ki dost ka bap bhi pucha: ""Beta shadi hogi ya nagmani leke hi maanege?"" 😤😂😂: Tandon mein sabse badi samasya: adhi raat to yahi sochne mein nikal jati hai ki... kambal lamba kis des se hai aur choda kis des se... 😁😁😆😆😂😂: Room leke rehne wale ladke tab tak bartin nahi dhotey jab tak kadhai mein chai banane ki naubat na a jaye. 😜😜: Jab ghar me pancha lag ho to sala aise nikalna padata hai jaise Pakistanio ne barud bichha diya ho. 😂😂😂: Jo din sochta hu ki zindagi me bohot","😀😀😀😀😀😀😀😀😀 : *बारहवी के बाद B.A करना उतना ही जरूरी है,* *जितना मरने के बाद तेरहवीं करना।* : *होता कुछ नहीं, बस आत्मा को शांति मिल जाती है।* : 😄😄😄😄😄 : *दोस्त की शादी में इतना नागिन डान्स किया कि दोस्त का बाप भी पूछ बैठा,* *""बेटा शादी होने देगा या नागमणी लेकर ही मानेगा.* : 😤😂😂 : *ठण्ड में सबसे बड़ी समस्या.* : *आधी रात तो यही सोचने में निकल जाती है कि,,,* : *कम्बल लम्बा किधर से है और चौड़ा किधर से..* : 😁😁😆😆😂😂  : *रूम लेकर रहने वाले  लड़के तब तक  बर्तन नहीं धोते* : *जब तक कढ़ाई में चाय बनाने की  नौबत ना आ जाये.* : 😜😜 :  *जब घर में पोंछा लगा हो तो साला ऐसे निकलना पड़ता है.* : *जैसे पाकिस्तानियों ने बारूद बिछा दिया हो।* : 😂😂😂 : *जिस दिन सोचता हूँ, कि ज़िन्दगी में बहुत बड़े बड़े काम करने हैं.* : *साला उसी दिन घरवाले गेहूँ पिसवाने भेज देते हैं.* : 😂😂😂  : *इंसान के पास दिमाग होना चाहिये...* : *खोपड़ी तो भूतो के पास भी होती है !!* : 😜😜😜  : *ये तो अच्छा है कि बोर्ड परीक्षा का कोई exit poll नही आता,* : *नहीं तो घरवाले 3-4 दिन पहले से ही ""पिटाई"" शुरू कर देते...!* : 😂😅😁",0.0293,0.0549,-0.0256,1
train-359,train,1,"Thik hai, isme kya bda cheez hai",ठीक है इसमें कौन सी बड़ी बात है,0.0053,0.0098,-0.0045,1
train-360,train,1,"Sunderata dekhne ke liya hai, chune ke liya nhi",सुन्दरता  देखने  के लिए  है चुने  के लिए  nhi,0.0067,0.0123,-0.0056,1
train-362,train,1,Par tu bhi apni karti hai anger mei,पर तू भी अपनी करती है गुस्से में,0.0063,0.0098,-0.0036,1
train-354,train,0,"Indian Army Kashmir ki aisi thand me, jahan par hamesha barf ki baarish hoti hai, us barf me hamare army 24 ghanta duty karte hain, hamare Indian Army ko maut se darr nahi lagta unhe thand se darr nahi lagta hai, lekin hamare Narendra Modi ko apne he desh me darr lagta hai. Jishe Bharat me darr lagta hai woh Pakistan chala jaye ab Modi ko kya karna chahiye. Hamare kisaan jo thand me, garmi me, barsaat me 1 saal tak road par andolan karte rahe, use darr nahi lag a lekin 20 minute Narendra Modi ki jaan kya lag gaya use darr lag gaya, kayer, darpok, budhil, Narendra Modi.","इंडियन आर्मी कश्मीर की ऐसी ठंड में, जहां पर हमेशा बर्फ की बारिश होती है, उस बर्फ में हमारे आर्मी 24 घंटा ड्यूटी करते हैं, ,, हमारे इंडियन आर्मी को मौत से डर नहीं लगता उन्हें ठंड से डर नहीं लगता है,    लेकिन हमारे नरेंद्र मोदी को अपने ही देश में डर लगता है🤔 जिसे भारत में डर लगता है वह पाकिस्तान चला जाए अब मोदी को क्या करना चाहिए😀😃🤔 हमारे किसान जो ठंड में गर्मी में बरसात में 1 साल तक रोड पर आंदोलन करते रहे, उसे डर नहीं लगा लेकिन 20 मिनट नरेंद्र मोदी की जान क्या लग गया उसे डर लग गया , कायर , डरपोक , बुजदिल , नरेंद्र मोदी,",0.0432,0.9542,-0.911,1
train-363,train,1,Hmare comment me apka number bhej dena,हमारे कॉमेंट में आपका नंबर भेज देना,0.0048,0.0052,-0.0004,1
train-364,train,0,Khol do aaj Sita ki chut ko is randi khane mein,"खोल दो आज सीता की चु त को इस रं,डी खाने में",0.9992,0.9992,-0.0001,1
train-365,train,0,"Ha aur kabhi kabhi ghan se gadi nikal ke aage jake bhanne se road pe chhitara bhi jate hain 😂😂 sakhel dekhne ka shaukh nahi hai inko, bade aye sakhel dekhne wale.",हा और कभी कभी छन से गाड़ी निकाल के आगे जाके भन्न से रोड पे छितरा भी जाते है 😂😂सकल देखने का सौख नही है इनको बड़े आये सकल देखने wale.,0.9775,0.9957,-0.0182,1
train-366,train,0,"Jo bache kapde he vo bhi nikal do to yeh ilke aur followers badh jayege, faltu be-sharam orat.","जो बचे कपडे हे वो भी निकाल दे तकी ओर ilke ओर फॉलोअर्सवर बढ जायेगे , फालतू बेशरम ओरत  ,",0.9981,0.9701,0.028,1
train-361,train,0,Agar tumko tamiz lagti hai to kapde utharo aur gaao main ghumo kon rokta hai👌👍,अगर बत तमीजी अछीलगतीहै तो कपडे उतारो ओर  गाओ मै घुमो कोन रोकता है👌👍,0.9978,0.931,0.0668,3
train-367,train,1,"Hello sabse pehle kahna padta hai jab kisi se baat karte hai. Yeh sabse jyada bolaya jata hai aur pahchaun ka word hai. Jab bhi kisi se milte hai toh Hello ka use karte hai. Hello kisi bhi log ke saath, kisi bhi ko pukarne mei ya kisi bhi situation mei use kiya ja sakta hai.","किसी भी व्यक्ति से बात करने के लिए हम उससे सबसे पहले Hello जरूर कहते हैं यह सबसे ज्यादा बोला जाने वाला शब्द है और काफी प्रसिद्ध शब्द है। जब भी हम किसी व्यक्ति से मिलते हैं तो Hello शब्द का प्रयोग करते हैं Hello शब्द का प्रयोग हम किसी भी व्यक्ति के साथ, किसी भी व्यक्ति को पुकारने में या किसी भी परिस्थिति में कर सकते हैं।",0.0046,0.0054,-0.0008,1
train-369,train,1,Are to hooka pe rahi ho achha ji 😁😁,Are to हुक्का पी रही हो अच्छा जी 😁😁,0.021,0.0076,0.0134,1
train-368,train,1,Hamaara kya bura kar sakta hai janab... hum ghar se maa ki dua aur papa ki pistol leke nikalte hain! Jay jay shri ram 🚩🙏🏻🚩🙏🏻🚩,"""हमारा कोई क्या ‪बुरा‬ करेगा जनाब... हम घर से माँ की ‪‎दुआ‬ और पापा की ‪‎पिस्तौल‬ साथ लेकर निकलते है !!"" जय जय श्री राम 🚩🙏🏻🚩🙏🏻🚩",0.0046,0.9913,-0.9867,1
train-373,train,1,Bahar kya hai?,बाहर कुहा है,0.0125,0.0054,0.0071,1
train-370,train,1,"1🙏 Jagannath ke paas ke itna hi fasana hai mera hai prabhu, aisa kabhi kahin nahi karen. Koi pyar karta hai to usko pyar mil jaye lekin zindagi gujar dena bahut dukh ki baat hai. Jai Jagannath",1🙏 जगन्नाथ के पैरों के पास इतना ही फ़साना है मेरा हे प्रभु ऐसा कभी कहीं नहीं करें कोई प्यार करता है तो उसको प्यार मिल जाए लेकिन जिंदगी गुजार देना बहुत दुख की बात है जय जगन्नाथ,0.0045,0.0109,-0.0064,1
train-371,train,1,"Kshama wahi hain jo jaise phool jo kuchalne ke baad bhi apni badboo nahi chhod dete... Aise hi hum bhi hamesha happy rehne chahiye, kyunki tension se kal ki mushkil door nahi hoti balki aaj ki shanti bhi chala jati hai !! Shubh prabhat 🌹","*🌷Nice line*🌷 ✍🏻.... *""क्षमा ""उन फूलों के समान हैं जो कुचले जाने के बाद भी ""खुशबू ""देना बंद नहीं करते* ......✍🏻       🙏🏻🌹🌹🌹🌹🙏🏻              *हमेशा खुश*                 *रहना  चाहिए,*                     *क्योंकि*                *परेशान होने से*               *कल की मुश्किल*                 *दूर नहीं होती*                    *बल्कि....*               *आज का सुकून*                *भी चला जाता*                      *है !!*  🙏🥀🌹 *शुभ प्रभात* 🌹🥀🙏........  OP",0.0053,0.0109,-0.0055,1
train-374,train,1,"Life me har gam ko chhod dena, happiness ko nahi, har mushkil ko kho dena, success ko nahi, agar life me kuch khoona pade to hume kho dena, par apni hasi ko nahi…❣️❣️❣️❣️❣️","जिंदगी में हर गम को छोड़ देना, ख़ुशी को नहीं, हर मुश्किल को खो देना, कामयाबी को नहीं, अगर ज़िन्दगी में कुछ खोना पड़े तो हमें खो देना, पर अपनी हसी को नहीं…❣️❣️❣️❣️❣️",0.0043,0.0044,-0.0001,1
train-372,train,0,"Ek chintish apne bacche ko mar raha tha 😋 Padosi ne pucha - kyun mar rhe ho 😈 Chintish - isko bola ek seedhi chhodkar chadh, chappal kam ghisegi 😛 Nalaayak 2 seedhi chhodkar chadha, pajama tod diya 😂😛😝😝","""एक कंजूस अपने बच्चे को पिट रहा था😋 पड़ोसी ने पूछा- क्यों पीट रहे हो😈  कंजूस-इसको बोला एक सीढी छोड़कर चढ़, चप्पल कम घिसेगी😛  नालायक 2 सीढ़ी छोड़कर चढ़ा, पाजामा फाड़ दिया😂😛😝😝",0.9552,0.9953,-0.0401,1
train-375,train,0,Tune kitne tappad khaye hai,तूने कितने थप्पड़ खाए हैं,0.9966,0.9518,0.0448,2
train-376,train,0,"Ismein maine gussa kyun ho rahi hu, insaan nahi hain, kutta hain.",इसमें मैं गुस्सा होने वाली बात नहीं है इंसान नहीं है कुत्ता है,0.9777,0.9434,0.0343,1
train-377,train,1,"Ye cheez to kisi kisi ke paas hoti hai, kitna maza aayega",यह चीज तो किसी किसी के पास होती है कितना मजा आएगा,0.0145,0.0224,-0.0079,1
train-378,train,1,"Wahan jane ke liye jigar chahiye, paida chalna pada hai. Bolne se kuch nahi, bahut mehnat karte hain. Main de dunga aapko khane ke liye, jake batao.",वहां जाने के लिए जिगर चाहिए पैदल चलना पड़ता है बोलने से कुछ नहीं बहुत मेहनत करते हैं मैं दे दूंगा आपको खाने के लिए जाकर बताओ,0.0087,0.9835,-0.9748,1
train-379,train,0,Sale chutiya hai tu bos dk,Sale चूतिया है तू bos dk,0.9993,0.9993,0.0,1
train-381,train,1,Super super hit na,सुपर सुपर हिट न,0.0049,0.0051,-0.0002,1
train-380,train,0,Teacher: Shaayari aur sex mein kya antar hai? Me: Ek mein Wah Wah Wah hota hai aur ek mein Aah Aah Aah hota hai.,टीचर :  शायरी और Sex में क्या अंतर है Me :  एक में Wah Wah Wah होता है और एक में Aah Aah Aah होता है,0.9987,0.9903,0.0084,1
train-383,train,0,Larkiyon sharam karo sharam 🥰🥰😂😂,लड़कियों शर्म करो शर्म 🥰🥰😂😂,0.9796,0.8896,0.0899,1
train-384,train,1,I baba Jay Bhim 🙏🙏😊,आई बाबा जय भीम 🙏🙏😊,0.0046,0.0052,-0.0006,1
train-382,train,1,"Mohabbat ki hawa jism ki dawa ban gayi, doori aapki meri chaahat ki saza ban gayi, kaise bhooloon aapko ek pal ke liye, aapki yaad hamare jeene ki wajah ban gayi.","मोहब्बत की हवा जिस्म की दवा बन गयी, दूरी आपकी मेरी चाहत की सजा बन गयी, कैसे भूलूँ आपको एक पल के लिए, आपकी याद हमारे जीने की वजह बन गयी।",0.0049,0.0251,-0.0202,1
train-385,train,0,Kapade nahi hai to merese le jao,कपड़े नहीं है तो मेरे से ले जा,0.9678,0.9283,0.0395,1
train-387,train,0,Tumhari ma ki chut,तुम्हारी मां की chut,0.9992,0.9992,0.0,1
train-389,train,0,"Kisanon ke bes me KHALISTANI agents hai, Pakistan supporters hai aur Tikait jaise bekaar wale aise hi bechate raheinge",किसानों के भेष मे खालिस्तानियों के एजेंट हैं पाकिस्तान समर्थक हैं और टिकैत जैसे बिकाऊमाल यूं ही  बिकते रहेंगे,0.9991,0.9986,0.0005,1
train-388,train,0,Agar mauti do to kalii se phool hum he tumhe banayeinge aur aapki sugandh aur ras ko apna banayeinge,अगर मौका दोगी तो कली से फूल हम ही तुम्हे बनाएंगे और आपकी सुगंध और रस को अपना बनाएंगे,0.9952,0.9967,-0.0016,1
train-386,train,1,Kutta ne bandar ke bacche ko mar dalua toh sabhi vanarsena ne meeting bulai aur usme khun ka badla khun sab kahne lage toh mukhiya vanar ne kahya ab din ho ya raat bas kutt ko chun chun kar marna hai tab se ye tapori gang ke beech me gangwar jarri hai...,कुत्ते ने बंदर के बच्चे को मार डाला तो सारी वानरसेनाने मीटींग बुलाइ और उसमे खून का बदला खून सब कहने लगे तो मुखिया वानर ने कहाँ अब दिन हो या रात बस कुत्तो को चुन चुनकर मारना है तब से ये टपोरी गेंग के बीच मे गेंगवोर जारी है....,0.9815,0.9974,-0.0159,1
train-390,train,1,Aap bahut acche the bhai,आप बहुत अच्छे थे भाई,0.0051,0.0069,-0.0018,1
train-391,train,0,"Moti kamini, tera ang ang me insect niklega",मोटी कमीनी तेरे अंग अंग में कीड़ा निकलेगा,0.9991,0.9713,0.0278,1
train-393,train,1,"Tum amma se bola dena, baccho logo Ramphal ke jhad phelte hain, amma thodi si chuttiwada dena bola dena",तुम अम्मा से बोला देना बच्चे लोगों रामफल के झाड़ खेलते हैं अम्मा थोड़ी सी छटवा देना बोल देना,0.0882,0.9992,-0.9111,1
train-392,train,1,"Gokul ko jyon mil gaye Kanh, deeno ko jyon Nath mila. Bharat Ma ki sambhal banke, aaj croreon haath mila. Simhasan par tumko paakar, shayad sabko lagta jaise Lal Bahadur, Atal Bihari, humko dono saath mil gaye... Jay Modi 🚩🙏","गोकुल को ज्यों मिल गए कान्हा,दीनों को ज्यों नाथ मिले  भारत  माँ  के  सम्बल  बनकर, आज  कारोड़ों हाथ मिले सिंहासन  पर  तुमको  पाकर  शायद  सबको लगता जैसे लाल  बहादुर, अटल  बिहारी, हमको  दोनो  साथ मिले ...  जय मोदी🚩🙏",0.0052,0.0087,-0.0036,1
train-395,train,1,"Nishant agle Sunday ki love hai, mohabbat hai",निशांत अगले संडे की प्यार मोहब्बत है,0.0047,0.0057,-0.001,1
train-398,train,1,"Chand lamhon ki zindagi hai, nafaraton se na jee sakte, are dushman se kya shikayat karein, ab to dost bhi yaad nahi karte",चंद लम्हों की जिंदगी है नफरतों से जिया नहीं करते अरे दुश्मन से क्या शिकायत करें अब तो दोस्त भी याद नहीं करते,0.0054,0.7675,-0.7621,1
train-397,train,1,"Sach me apne kanoon par bahut sharminda hu jo itna bekar hai ki aise kukiya roj ho raha hai, kisi me kanoon ka darr tak nahi",सच में अपने कानून पर बहुत शर्मिंदा हूँ जो इतना बेकार है कि ऐसे कुकृत्य रोज हो रहे है किसी मे कानून का डर तक नही,0.0066,0.8178,-0.8111,1
train-396,train,1,Ji bilkul sahi kaha 😜 😝 😛 😜 😝 😛 kiyo ki Covid-19 me oxygen ki kami ke chalta esa gana banega lag raha hai 🤭🤭🤭,जी बिल्कुल सही कहा 😜 😝 😛 😜 😝 😛 कीऊ की Covid-19 मे oxijen की कमी के चलते ऎसा गाना बने लगा 🤭🤭🤭,0.005,0.0113,-0.0063,1
train-400,train,1,"Haath se phoonch raha hai, dhood ke aaya hai",हांफ रहा है। दौड़ कर आया है,0.0062,0.9933,-0.9871,1
train-401,train,1,"4 din ki chandani hai, phir bhi wahi aloo ki sabji aur dal fry hai",4 दिन की चांदनी है फिर वही आलू की सब्जी और दाल फ्राई है,0.005,0.9982,-0.9933,1
train-399,train,0,"Aise insaan ka kuchh nahi, bas uske vo hi kaat do aur chhod do jab jab toilet mein jayega tab tab yaad karega ki ye ek kile par jang jeetne par ye inaam mila hai",ऐसे इंसान का कुछ नहीं बस उसका वो ही काट दो और छौड दो जब जब टोइलेट में जाएगा तब तब याद करेगा कि यह एक किले पर जंग जीतने पर यह ईनाम मिला है,0.9737,0.9956,-0.0218,1
train-402,train,1,Ye sab jaanbujakar kiya gaya... Congress kisi bhi bad tak gir sakti hai satta paane ke liye,ये सब जानबूझकर किया गया... सत्ता हासिल करने के लिए कांग्रेस किसी भी हद तक गिर सकती है,0.0146,0.9679,-0.9533,1
train-404,train,0,Dgh: bbbh    an.,डघः बबभ्भ्    अं  ।,0.0157,0.0244,-0.0088,1
train-403,train,1,Jay Maan Kalaka Maan. 06.10.2021 Aaj ke aarti darsan,जय माँ कालका माँ ।। 06.10.2021 आज के आरती दर्शन,0.0045,0.0065,-0.002,1
train-405,train,1,"Kya baat hai ji haan dost, aap meri ad pe nahi a rahi ho ❣️❣️❣️❣️❣️❣️❣️",क्या बात है जी हां दोस्त आप  मेरी एडी पर नहीं आ रही है ❣️❣️❣️❣️❣️❣️❣️,0.0043,0.0043,0.0,1
train-407,train,0,"A randi, my choda",ए रंडी  माई चोदा,0.9992,0.9993,-0.0,1
train-406,train,0,"Wah re chamcho, iske pehle wala PM nanga rehata tha, padal chalta tha, yahan tak videsh bhi padal hi jata tha aur haan, cigarette videsh se baalgoadi se mangata tha sach kahan na chamcho 😋😃😄😀","वाह रे चमचो इसके पहले वाला PM नंगा रहता था,पैदल चलता था ,यहाँ तक विदेश भी पैदल ही जाता था और हाँ  सिगरेट विदेश से बैलगाड़ी से मगाता था सच कहाँ न चमचो 😋😃😄😀",0.9992,0.997,0.0022,1
train-409,train,0,Beta apne baap Pubg {B.G.M.I} ko bhul gaye kya 🖕,बेटे ‌ अपने बाप Pubg {B.G.M.I} को भुल गए क्या 🖕,0.9971,0.9697,0.0274,1
train-410,train,1,O ho ho ho 👌⚘👌 kya baat hai 💐💐💐💐👈 bahut hi khubsurat video hai jee 👍👌💖⚘👌⚘💖👌⚘💖😍😍😍 dekhte hee mana khush ho gaya 🙏🙏. Naseem,ओ हो हो हो 👌⚘👌क्या बात है💐💐💐💐👈 बहोत ही खूबसूरत वीडियो है जी 👍👌💖⚘👌⚘💖👌⚘💖😍😍😍देखते ही मन खुश हो गया🙏🙏. Naseem,0.0043,0.0043,0.0,1
train-413,train,1,Nice🌹🌹🌹🌹🌹🌹🌹🌹🌹🌹🌹🌹🌹🌹🌹🌹🌹🌹🌹🌹🌹🌹🌹🌹🌹🌹🌹🌹 aapki video share kardi🙏🙏🙏🙏🙏🙏,नाईस🌹🌹🌹🌹🌹🌹🌹🌹🌹🌹🌹🌹🌹🌹🌹🌹🌹🌹🌹🌹🌹🌹🌹🌹🌹🌹🌹🌹 आपकी बिडीयो सैयर कर दी🙏🙏🙏🙏🙏🙏,0.0044,0.0043,0.0,1
train-412,train,1,"Main Jitendra Kumar is bhagwan swaroop mahan aatma ko dil se naman karke ye sapatthi le raha hoon ki inke karyakram ko aage badhane me kosish karke apne aane wali peddi ko bhi sahayog ke lie jagaroon ga, Jai Bhim","मै जितेन्द्र कुमार इस भगवान स्वरूप महान आत्मा को दिल से नमन करते हुए ये सपथ लेता हूं कि इनके कारवां को आगे बढ़ाने में कोशिश करते हुए अपने आनेवाले पीढ़ी को भी सहियोग के लिए जागरूक करूंगा, जय भीम",0.0071,0.9857,-0.9786,1
train-415,train,0,Mar kyu nahi gaya bhadwa...😡😡,मर क्यू नही गया भड़वा....😡😡,0.9978,0.991,0.0068,1
train-414,train,0,"Abe pagal, gale choda gatep Krishna ka aur dialog Shakuni ka kyun bejhati kar raha hai mere dharma ki",अबे पागल गेल चोदै  गेटप कृष्ण का और डायलोग शकुनी का क्यू बेज्जती कर रहा मेरे धर्म की,0.9974,0.9991,-0.0018,1
train-418,train,1,I love my India,इ लव्ह मय इंडिया,0.0048,0.006,-0.0012,1
train-416,train,0,"Sharm ki cheez nahi hai, besharam hai",शर्म नाम की चीज ना है,0.9974,0.9985,-0.001,2
train-419,train,0,"Mere jholi chhoti pad gayi re, itna diya meri maa ka",मेरी झोली छोटी पढ़ गई रे इतना दिया मेरी माँ का,0.0089,0.6221,-0.6132,1
train-417,train,1,"Bina sangharsh koi mahan nahi hota, bina kuch kiye jai jai kaar nahi hota, jab tak na padi hai hathode ki chhot, tab tak koi pattaar bhi logon ke liye bhagwan nahi hota.❣️❣️❣️❤️❤️❤️❤️","बिना संघर्ष कोई महान नही होता, बिना कुछ किये जय जय कार नही होता, जब तक नहीं पड़ती हथोड़े की चोट, तब तक कोई पत्थर भी लोगों के लिए भगवान नही होता।❣️❣️❣️❤️❤️❤️❤️",0.0044,0.0044,-0.0,1
train-421,train,0,Maa chod ho ka lagta hai,मादर चोद हो का लगता है,0.9993,0.999,0.0003,1
train-422,train,1,"Gar pani hai manzil to ai dost! Apni manzil par nazar gadha rakho! Kaun ke toke baaje ka hisaab nahi karta! Wish you happy, lovely, blessed, fantastic, moriabil sweet evening, sweet dear friend ji","""ग़र पानी है मंजिल तो ऐ दोस्त!   अपनी मंजिल पर नजर गड़ाए रखना!    कौओं के टोकने बाज़ के हौसले टूटा नहीं करते!"" WISH YOU HAPPY LOVELY BLESSED FANTASTIC MORIABIL SWEET ENING SWEET DEAR FRIEND JI",0.0045,0.0044,0.0,1
train-411,train,0,"Jis taraf dekho usi taraf ishq ke beemar beetha hai, hazaro mar gaye, lakhon taiyar beetha hai 😁👏👏 Saley barbad hotay hain chorion ke chakkar mein, baad me kehte hain Modi Sarkar ki wajah se beerojgar beetha hai, sharm karo beerojgardon!",जिधर देखो उधर इश्क के बीमार बैठे हैं हजारों मर गए लाखों तैयार बैठे हैं🤗🤗🤗🤗🤗🤗👏👏👏 साले बर्बाद होते हैं छोरियों के चक्कर में बाद में कहते हैं मोदी सरकार की वजह से बेरोजगार बैठे हैं🙏🙏🙏🙏🙏🙏 शर्म करो बेरोजगारों,0.991,0.9669,0.0241,3
train-424,train,0,Teri bhav bhad gayi hain sach mein,बहुत भाव भड़ गए है तेरे,0.9851,0.951,0.0341,2
train-426,train,0,"Chuchi mat dikhao yaar, haath se kam chala na padhta hai.",चूची mat dikhao yar hath से kam चला ना पड़ता हैं,0.9991,0.9902,0.0089,1
train-427,train,1,Plz Sarojaji hamara channel dekh liye YouTube par Ashish Kumar Civil Lines dal ke to a jayege ham YouTube par ek bar dekh liyege video plz,प्लीज सरोजा जी हमारा चैनल देख लीजिए यूट्यूब पर आशीष कुमार सिविल लाइंस डालिए गा तो आ जाएंगे हम यूट्यूब पर एक बार देख लीजिएगा वीडियो प्लीज,0.0045,0.9718,-0.9673,1
train-429,train,1,Har kisi ke dil me baso itna cheep cheep tod diya na hum 😎🤘👈 aur tum sabke dil me baso itna sasta ho 😣🤣🤣🤣🤣🙈👈🙏🙏🙏🤘🤘🤘😘😘🥰😍,हर किसी के दिल मे बसें इतने सस्ते तोड़ी ना हम 😎🤘👈   और तुम सब के दिल मे बसते हो इतने सस्ते हो 🤣🤣🤣🤣🤣🙈👈🙏🙏🙏🤘🤘🤘🤘😘😘🥰😍,0.0055,0.0174,-0.0119,1
train-428,train,0,"Mulsim hamesha teen jaanvaron ke barabar man liya gya hai—murgho se pehle uthkar chillana, bakron se badi daadi rakhi, soor se jyada bacche padega. Aur jo jagah soor ki aabadi badhega wahi wahi bhukhmar, chor, chakar, gundagardi, terror jaise situatiyon padege.",मुसलमानों ने हमेशा तीन जानवरों की बराबरी की है मुर्गे से पहले उठकर चिल्लाना बकरों से बड़ी दाढ़ी रखना सूअर से ज्यादा बच्चे पैदा करना और यह सूअर की आबादी जहां जहां बढ़ेगी वहां वहां भूखमरी चोरी चकारी गुंडागर्दी आतंकवादी जैसी परिस्थितियां पैदा होगी,0.9992,0.9448,0.0544,1
train-430,train,1,"Sanskaar kabhi bhi bhoolna nahi chahiye, jo log sochte hai ki hum paise wale hai lekin sanskaar paise se nahi dekhte hai",संस्कार कभी भी भूलने नहीं चाहिए जो लोग समझते हैं के हम पैसे वाले हैं लेकिन संस्कार पैसों से नहीं देखते हैं,0.0125,0.8292,-0.8167,1
train-431,train,1,"Mohabbat mehbooba hai, koi khwaab nahi. Ye woh adaa hai jismein har koi successful nahi. Jo inhein milti hai mehfil ungliyon pe woh khush hai. Magar jo pagal hue unka koi hisaab nahi.",मोहब्बत मुकद्दर है कोई ख़्वाब नही। ये वो अदा है जिसमें हर कोई कामयाब नही। जिन्हें मिलती मंज़िल उंगलियों पे वो खुश है। मगर जो पागल हुए उनका कोई हिसाब नही,0.0063,0.945,-0.9387,1
train-434,train,1,"Chand ko bhi mil gayi chandni, ab sitaron ka kya hoga, agar mohabbat ek se hi kar li, to baaki hazaron ka kya hoga.","चाँद को भी मिल गई चाँदनी, अब सितारों का क्या होगा, अगर मोहब्बत एक से ही करली, तो बाकी हज़ारों का क्या होगा।",0.0059,0.9636,-0.9577,1
train-432,train,0,14 tarikh tak jo kisi ka flower lewane wala nahi ho... tab 15 tarikh ko ISRO Bharat se 105 satellite chod rahi hai... uske saath latak kar dharti chod ke chale jaye 😜🤣😂😂😂😂🤞😝,*14 तारीख तक जिसका कोई फूल लेने वाला नही हो*  *तो 15 तारीख को इसरो भारत से 105 उपग्रह 📡 छोड़ रही है*  *उसके साथ लटक कर धरती छोड़ कर चले जायें 😜🤣* 😉😉😉😉😂😂😂😂🤞🏽😝😝😝😝😝,0.839,0.9986,-0.1596,1
train-436,train,0,Pore kapde utar ke dikha de,पूरे कपड़े उतार के दिखा दे,0.9987,0.9883,0.0103,1
train-435,train,1,Badi dukaad ki baat hai ki maine question he nahi samajha 😪😪😢😢😢😥😓,बड़ी दुख की बात है की मुझे सवाल ही समझ नही आया 😪😪😢😢😢😥😓,0.0048,0.0049,-0.0001,1
train-437,train,0,Dil aur doodh do,दिल और दूध दे दो,0.0352,0.9974,-0.9622,1
train-439,train,1,Aap toh khud hi moon ho,आप तो खुद ही चांद है,0.005,0.0061,-0.0012,1
train-440,train,1,Sharma ne bhi koi wajah hona chahiye,शर्मा ने को भी वजह चाहिए,0.0105,0.0131,-0.0027,1
train-441,train,1,Gondwana ke jnmdoota kon hai,गोंडवाना के जन्मदाता कोन हे,0.0051,0.0063,-0.0012,1
train-443,train,1,Maine bhi kisi ko utna pyar kiya jo kiya.,मैंने भी किसी को हद से ज्यादा चाहा था।,0.0069,0.0133,-0.0064,1
train-438,train,0,"Bigade bap ki bigadi or lad hai, kya fark padhta hai 😂",बिगड़े बाप की बिगड़ी औलाद है क्या फर्क़ पड़ता है 😂,0.9977,0.9856,0.0121,3
train-442,train,0,"Je kutto ko Bharat me dar laga hai, vo kutte Afghanistan ja sakte hain 😂😂",जिन कुत्तो को भारत में डर लगता है वो कुत्ते अफगानिस्तान जा सकते हैं 😂😂,0.9951,0.992,0.003,2
train-444,train,1,"Ludo nahi khula tha, so naa kya?",लूडो नहीं खुल रहा था सोनां,0.0053,0.9935,-0.9882,1
train-447,train,0,"Aur manaao, ghadha saal par mookh hindu samajhne ka naam nahi leta",और मनाओ गधा साल पर मूर्ख हिन्दू समझने का नाम नहीं लेते,0.9983,0.9858,0.0125,1
train-445,train,1,Social chand ne nature ke chand ko hi bhaj diya.. kya baat hai khub andaz hai,सामाजिक चाँद ने नेचर के चाँद ko ही भेज दिया.. क्या बात है खूब अंदाज है,0.0048,0.0147,-0.0099,1
train-446,train,0,Pura kapda utar do tab jyada like milega,पूरा कपड़ा उतार दो तब ज्यादा लाइक मिलेगा,0.999,0.9873,0.0117,1
train-448,train,0,Sura ke bacche kahan hai tere baaki jode wale,सूअर के बच्चे कहाँ है तेरे बाकी जोड़ीदार,0.9989,0.9885,0.0104,1
train-452,train,0,"Andhbhakto ne desh ko ek strong PM diya hai, warna chaman chor toh ab bhi ek gade ko rub rub kar horse bana raha hai 😂😂😂😂😂😂😂😂",Andhbhakto ne desh ko ek मजबूत प्रधान मंत्री दिया है वर्ना चमचे तो आज भी एक गधे को रगड़ रगड़ कर घोड़ा बनाने मैं लगे है 😂😂😂😂😂😂😂😂,0.999,0.9979,0.0011,1
train-453,train,0,"Saheb kaha bhai, maine to call girl lag rahi hai",सही कहा भाई मुझे तो call girl लग रही हैं,0.073,0.0154,0.0576,1
train-449,train,0,Teri taraf se ake daftra marne wala hai kya pagal aurat,तेरे पास आकर दफ्तर मरना है क्या पागल औरत,0.9944,0.9855,0.009,3
train-450,train,0,Bhai sahab ye to unhi jihadiyon ki choti hai,भाई साहब इये भी तों उन्ही जिहादियो कीं औलादे है,0.9981,0.9988,-0.0007,3
train-454,train,1,Gadi chorne ka naya tarika mast laga dekhke hahaha,गाड़ी चोरी करने का नया तरीका मस्त लगा देखकर हा हा हा,0.0074,0.964,-0.9566,1
train-456,train,1,Accha laga aapka video 😔,अच्छा लगा आपका वीडियो 🤔,0.0053,0.0051,0.0002,1
train-455,train,1,"Ye baris yaar, *** mousam aur ye madmasti hawayein, kya baat hai yaar, superb performance, super jo diya, 👍🌹","ये बारिश ये *** मौसम और ये मदमस्त हवाये, 💭 क्या बात है जी  जबरदस्त  परफॉर्म सुपर जोड़ी 👍🌹",0.0044,0.0045,-0.0001,1
train-457,train,1,"Haan haan, gadda rajai takia sab kharido, woh bhi soni ki cheez hai...",हां हां गद्दा रजाई तकीया सब खरीदो वह भी सोने की चीज है...,0.0063,0.0117,-0.0053,1
train-458,train,1,Jay mata di,", जय माता दी",0.0048,0.0064,-0.0015,1
train-460,train,0,Up Rashtrapati Kamla Harris ne Modi ji ke baare mein loktantrik baatein aur upadesh bhi yadgaar hoga. Apni hakeekat kitna chupaoge Modi ji.,उप राष्ट्रपति कमला हैरिस द्वारा लोकतंत्र के बारे मोदी जी की की खिंचाई और उपदेश भी यादगार होगा।अपनी हकीकत को कहाँ तक छिपाएंगे मोदी जी।,0.9638,0.9957,-0.0318,1
train-461,train,0,"Are bahane ke lodo, itne din se paise a raha tha gareeb ko chutiya bana ke ameer aur ameer banate ja raha hai.",अरे बाहनके लोडो इतने दिन सेपैशा आ रहा था गरीबो को चुतिया बनाके अमीर और अमीर बनते जा रहे. हैं,0.9992,0.9992,0.0,1
train-462,train,1,Ek gao me bijli aayi thi... log khush ho kar nache the! Ek kutta bhi naachne laga...! Kisi ne pucha: Tu kyun naach raha hai...? Kutta bola: Khambey to lagenge bhi na 😄😂,एक गाँव में बिजली आनी थी... लोग खुश होकर नाच रहे थे! एक कुत्ता भी नाचने लगा..!  किसी ने पूछा: तू क्यूँ नाच रहा है...? कुत्ता बोला: खंबे भी तो लगेंगे🤓🤓😂🤓🤓,0.0187,0.9974,-0.9788,1
train-463,train,1,Dil toote ke dar se woh kya jaane,दिल टूटने का दर्द वह क्या जाने,0.005,0.9776,-0.9726,1
train-465,train,1,"Dil diya hai, jaan bhi denge ye watan tera liye love u India",दिल दिया है जान भी देंगे ये वतन तेरे लिए लव यू इंडिया,0.0093,0.8544,-0.8451,1
train-466,train,0,Galat video dikhana band karo. Bakok kar diye jaoge samajh. Sarim karo besarim,गलत विडिओ दिखाना बदं करो.बकोक कर दिये जाओगे समजे.सरम करो बेसरम,0.9987,0.9988,-0.0002,1
train-467,train,1,❤️❤️🌹🌹🌹❤️❤️❤️❤️❤️❤️🌼🌼👍👍👍👍👍👍👌👌👌👌♥️♥️♥️♥️🌼🌼🌼. Bahut beautiful video hai yeh,❤️❤️🌹🌹🌹❤️❤️❤️❤️❤️❤️🌼🌼👍👍👍👍👍👍👌👌👌👌♥️♥️♥️♥️🌼🌼🌼। बहुत सुंदर वीडियो,0.0043,0.0043,0.0,1
train-464,train,0,Inka surma nahi hai je,ईन के सरम नहीं है जी,0.9972,0.9794,0.0178,3
train-470,train,1,"Asmaan jitna neela hai, surajmukhi jitna peela hai, paani jitna gila hai, aapka screw utna hi loose hai. 😄😄😃🙈🙈🙈😍😍😍","आसमान जितना नीला है, सूरजमुखी जितना पीला है, पानी जितना गीला है, आपका स्क्रू उतना ही ढीला है।😀😀😃🙊🙈🙈😍😍😍",0.9279,0.0423,0.8856,1
train-471,train,0,Pagal kamino log hain 😂,पागल कमीने लोग हैं🙃,0.9917,0.9703,0.0214,1
train-469,train,0,Agar aap apni behen ke liye tiger ho.. to dusron ki behen ke liye pig na bano..,अगर आप अपनी बहन के लिए 🐅शेर हो.. तो दूसरों की बहन के लिए 🐖सुअर मत बनो..,0.998,0.9868,0.0112,1
train-472,train,0,"Aye Holi khel rahe ho, kapde se koi ladaai nahi, pagal bana rahe ho",ऐ होली खेल रहे हैं कपड़े से कोई लड़ाई नहीं पागल बना रहे है,0.964,0.9859,-0.0219,1
train-473,train,1,Koi mujhe bhi pata lo yaar 🤣🤣,कोई मुझे भी पटा लो यार 🤣🤣,0.0075,0.006,0.0014,1
train-475,train,0,"Ye tu nahi, tu kutta hai",ये तु नहीं तु कुत्ता है,0.9973,0.9911,0.0062,1
train-476,train,0,Tab to pakkay bhikh mangoge ab,तब तो पक्का भीख मांगोगे अब,0.9859,0.9643,0.0216,1
train-477,train,0,Aisa kutte ko mar do yaar,ऐसा कुत्ते को मार डाले,0.9983,0.9979,0.0004,1
train-478,train,1,1935 me ek mahila janm hua aur 1935 me janm dete wala person uski maa mar gai jo ki 70 saal ki thi...,1935me एक महिला जन्म हुई और 1935me जन्म देते व्यक्त उसकी माँ मर गई जिसकी उम्र 70 साल थी...,0.0119,0.0164,-0.0044,1
train-480,train,0,Hum chodne ka soch rahe hai to socha,हम चोदना चाहते है तो सोचा,0.9992,0.9988,0.0004,1
train-474,train,0,"Sala mar jaye, aapse hi dushman ko dhoond ke mar do. Terror baadi mc sale 🏹🏹🔨🔨💣💣💣",साला मर जाए    आपस की सत्ता से ही भून दे एक दूसरे को।।   आतंक बादी mc साले🏹🏹🔨🔨💣💣💣,0.9988,0.9962,0.0025,2
train-479,train,1,"Kal Yug hai behen, tujse khelne ke liye kisi bhi harakat ko paar karna hai, khushiyon ka zamana nahi raha. Aajkal log dusre ki sukho me dukh rahi hai, apne aap me nahi.",कलयुग है बहन तनसे खेलने के लिए किसी भी हरकत पार करने को तैयार खुशी आज के समय नही रही।। दुसरे का सुख मे लोग दुखी हैं अपने आप में नही,0.0051,0.9799,-0.9748,1
train-484,train,1,Aap kitni good ho,आप कितनी अच्छी हो,0.0052,0.0053,-0.0001,1
train-483,train,1,"Khamoshiyon mein dhimi si aawaz hai, tanhaiyon mein bhi ek gahraa raj hai, milte nahi hai sabko achche dost yahan, aap jo mile ho humein khud par naaz hai.","खामोशियों में धीमी सी आवाज़ है, तन्हाईयों में भी एक गहरा राज़ है, मिलते नही हैं सबको अच्छे दोस्त यहाँ, आप जो मिले हो हमें खुद पर नाज़ है.",0.0047,0.0051,-0.0003,1
train-485,train,1,Pani bhare jaate hone mein,पानी भरे जात होने में,0.0231,0.7388,-0.7157,1
train-481,train,1,"Is dohe ka arth yahan galat bataya gaya hai, iska arth ye hai... jo mook manush sabki ninda karta hai, ve chamgadad ho kar jnam leta hai! He pita ab maans rog suniyega jinse sab log dukh pata hai! Beta pita ab maans rog suniyega jinse sab log dukh pata hai! 🙏 Ram Ram 🙏","इस दोहे का अर्थ यहाँ गलत बताया गया है, इसका अर्थ ये है..... जो मूर्ख मनुष्य सबकी निंदा करता है, वे चमगादड़ होकर जनम लेते है! हे पिता  अब मानस रोग सुनिये जिनसे सब लोग दुख पाया करते है!                    🙏  राम राम 🙏",0.0203,0.0086,0.0118,1
train-486,train,1,"Arey vo Abdul chacha ke ladke ka college mein admission ho gaya tha, usi ke khushi mein bomb bajaaye the chacha ji",अरे वो अब्दुल चाचा के लड़के का कॉलेज में एडमिशन हो गया था उसी के खुशी में बॉम्ब बजाए थे चाचा जी,0.008,0.7335,-0.7255,1
train-482,train,1,"Sat sat namo, CDS Vipin Rawat ji ke yashgane swaroop ko kal dinak 09 dismber 2021, guruvar ko unki atma-shanti hetu deepadan kar divyangat atma ki shanti hetu prayashchitta sabha saun 07:00 baje mandir shri maan Durga range chowkha Baisriya me rakha gaya hai. Sabhi rashtradharma premi bhai upasthit ho. Is message ko prayogik bulawa ki manyeti pradan kare. Om shanti.","Sat sat namnCDS विपिन रावत जी के यशगान स्वरूप कल दिनांक 09 दिसंबर 2021 गुरुवार को उनकी आत्मशांति हेतु दीपदान कर दिवंगत आत्मा की शान्ति हेतु प्रार्थना सभा सांय 07:00 बजे मंदिर श्री माँ दुर्गा रेंज चौराहा बैरसिया में रखा गया हैं, सभी राष्ट्रधर्म प्रेमी बन्धु उपस्थित हो।। इस सन्देश को प्रत्यक्ष बुलावा की मान्यता प्रदान करें।।    ॐ शान्ति",0.0045,0.0121,-0.0076,1
train-488,train,1,"Subah jald uthekar do glass paani peke halke se dor lagao, ache se pet saaf ho jayega",शुबह जल्दी उठकर दो गिलास पानी पीकर हल्की सी दोड़ लगाओ अच्छे से पेट साफ हो जायेगा,0.0055,0.0142,-0.0087,1
train-489,train,0,"Moti kamar, lambi baal, hai re Allah, umar 40 saal",मोटी कमर लंबे बाल हाय रे अल्लाह उम्र 40 साल,0.9926,0.9747,0.0179,1
train-491,train,1,"Ab na shikwa na gila, na koi malaal raha, sitam unke bhi bemisal raha, sabr apna bhi kamal raha",अब ना शिकवा ना गिला     न कोई मलाल रहा सितम उनके भी बेमिसाल रहे  सब्र अपना भी कमाल रहा,0.0097,0.0171,-0.0074,1
train-493,train,1,"Bhagwan ne chahaa to ek din ho jayega, tab bulake le lo",भगवान् ने चाहा तो एक दिन होगी तब बुला लेना,0.0055,0.0613,-0.0558,1
train-492,train,0,Mangti kardi thok thi ja ni ni kare mara beti chaudi,मंगती कड़ी ठोक  थी जा नी नी करे मारी बेटी चौड़ी,0.999,0.9733,0.0257,2
train-494,train,1,Ky aap mere ko contact number de sakti ho ku ki mere ko program karna hy,Ky आप मेरे को कॉन्टेक्ट नंबर दे सकती हो ku की मेरे को प्रोग्राम कराना hy,0.0066,0.0105,-0.0039,1
train-495,train,0,Bhosdi ke ₹10 mein KTM aati hai aisi post dalti hai,भोसड़ी के ₹10 में केटीएम आती है ऐसी पोस्ट डालता है,0.9993,0.9989,0.0004,1
train-496,train,1,"Bada sa cake banwana, sab kuchh likhwa do",बड़ा सा केक बनवाना सब लिखवा दो,0.0175,0.0068,0.0106,1
train-497,train,0,Lauda ka fake up,लौ'ड़ा का फेकू,0.9991,0.9645,0.0345,1
train-499,train,0,Is MC ko Assaaram jaisa pati chahiye,इस mc को   आसाराम जैसा पति चाहिये,0.9982,0.9736,0.0246,1
train-498,train,1,"Mere jaisa banne ke liye tumhe sabki madad karni padegi, iski bhi madad karni padegi jo kisi ki nahi hoti. Uski tumhe banana padega bhi, lekin sirf kuch samay ke liye taaki wo recover ho jaye.",मेरे जैसा बनने के लिए तुम्हें सब की मदद करनी पड़ेगी यहां तक की उसकी मदद करनी पड़ेगी   जिसका कोई नहीं होता है उसका तुम्हें बनाना पड़ेगा वह भी कुछ समय के लिए ताकि वह रिकवर हो जाए,0.007,0.0928,-0.0858,1
train-500,train,0,Jute se maro usko madharchod,जूते से मारो उसको माधरचोद,0.9993,0.9993,-0.0,1
train-501,train,1,Mata Durga ki chut,माता दुर्गा की,0.0052,0.9991,-0.994,1
train-504,train,1,Gand pati me naha ke to khujli ho jayega,खुजली हो जाएगा गंदा पानी में नहाने से,0.0205,0.9585,-0.938,1
train-502,train,0,"Main sabhi ladki ko dekhta hoon jo chhota chhota kapda pahenti hai apna video me like pane ke liye ganda ganda picture banati hai, magar aap bahut acche lage is kapde me pure Hindi hain.",मैं सभी लड़की को देखता हूं छोटा छोटा कपड़ा पहनती है अपना वीडियो मे लाइक पाने के लिए गंदा गंदा पिक्चर बनाती है मगर आप बहुत अच्छे लगे इस कपड़े में प्योर हिंदुस्तानी हो,0.9979,0.9845,0.0134,1
train-503,train,1,Durga Mata ki jai 🌹🌹🌹🙏🙏🙏🙏,दुर्गा माता कि जय 🌹🌹🌹🙏🙏🙏🙏,0.0044,0.0094,-0.005,1
train-507,train,0,Ab kisko fasaya karoge randi,अब किसको फसा कर खायेगी रण्डी,0.9991,0.9985,0.0006,1
train-508,train,1,"Sochte ho ki saadi chalu ho gayi hai, lockdown lagana kya",सोच रहे हैं की सादी चालू हो गई है लॉक डावन लगा दे क्या,0.0152,0.0171,-0.0019,1
train-505,train,0,Janwar ne toh jeevan bachakar apni achayi aur sahas ka parichay diya hai lekin is video ko banane wala asli kutta khandaan ka hoga.,जानवर ने तो जान बचाकर अपनी अच्छाई और साहस का परिचय दिया है लेकिन इस विडियो को बनाने वाला असली कुत्ता खानदान का होगा।,0.9979,0.9895,0.0084,1
train-509,train,1,Rhea ne dulhan se jada accha sasta kiya hai,दुल्हन से जादा तो रेखा सजी है,0.0051,0.0112,-0.0061,1
train-511,train,1,Jay Shri Maan Durga Bhavani 🙏🏽❤️❤️❤️❤️🙏🏽❤️,जय श्री मां दुर्गा भावानी 🙏🏽❤️❤️❤️❤️🙏🏽❤️,0.0043,0.0058,-0.0015,1
train-513,train,0,Nikal ke naam me kya rakha he. Naam me he teri jaat chhupi he. Tu null ki kid hai.,नाम मे क्या रखा हे ।नाम मे ही तेरी जात छुपी हे। तु नाली का किडा़ हे।,0.9983,0.9657,0.0326,1
train-506,train,0,"Hum bhi jaante hai lekin bhrashtaachari ghotala gaddar deshdrohi ingraj ne Bhabar leke nahi aaye the, tumha re jaise hi aapne hi the",हम भी जानते है लेकिन भ्रष्टाचारी घोटाळे गद्दार देश द्रोही इग्रंज ने बाबर लेके नहीं आये थे तुम्हा रे जैसे ही आपने ही थे,0.9937,0.9363,0.0573,2
train-514,train,0,"Arey Akhilesh toh tera dada ho, kisne ki unke deedar ke baat karta tha, kya sanshtan ke liye ring bhosdri wale place teri behen ke aisii taaisii karein.",अरे अखिलेश तोहर दादा हो किनका कि उनके दीदार के बात करता था क्या संस्था के लिए रिंग भोसड़ी वाले प्लेस तेरी बहन के ऐसी तैसी करें,0.9993,0.9985,0.0007,1
train-510,train,0,"Tum log pagal ho, ma ke mazak uda rhe ho",तुम लोगों पागल हो मां का मजाक उड़ा रहे हो,0.9977,0.9629,0.0348,3
train-517,train,1,School khul gaya,स्कुल खुल गे,0.005,0.0052,-0.0002,1
train-515,train,0,"Tum dono bahanen na bahut jada attitude dikhati ho, merko bilkul accha nahi lagta. Tum dono bahanen itna attitude kis baat ka yaar hai?",तुम दोनों बहने ना बहुत ज्यादा एटीट्यूड दिखाती हो मेरे को बिल्कुल अच्छी नहीं लगती तुम दोनों बहने इतना एटीट्यूड किस बात का यार आई,0.0237,0.0344,-0.0107,1
train-516,train,0,"Side wali good hai, but maine uski chut kiya tha acha",साइड वाली अच्छी है,0.9949,0.9991,-0.0042,2
train-518,train,1,"Chand sitare teri wajah se todh deta, khushiyan ke darwaza teri wajah se khola deta, itna kafi hai ya do-chaar jhoot aur bol deta 😜😜😜😜🤣🤣🤣🤣",चांद सितारे तेरे लिए तोड़ दू खुशियों का दरवाजा तेरे लिए खोल दू इतना काफी है या दो चार झूठ और बोल दू 😜😜😜😜🤣🤣🤣🤣,0.0073,0.9276,-0.9202,1
train-521,train,1,Bhai a bhaoji tohri jora nahi hai Bihar mein,भाई ए भौजी तोहर जोड़ा नहीं है बिहार में,0.0162,0.011,0.0052,1
train-522,train,0,"Itna kapda kyun pahan kar rakhdi ho, ise bhi khola kar dikha do apna andar wala khojana",इतना कपड़ा क्यों पहन कर रखी हो इसे भी खोल कर दिखा दे अपना अंदर वाला खजाना,0.9985,0.918,0.0805,1
train-524,train,1,Ye kamjor aadmi ka kaam hai. Agar mara ho to samne se bar karo... Jai Shri Ram...,ये कमजोर आदमी का काम हे . अगर मर्द हो सामने से बार करो ... जय श्री राम ..,0.0156,0.9891,-0.9736,1
train-523,train,0,Pagal kutte ne katta hai to hamari dharti maya ki god chhodkar anjaan antariksh me maut ke muh me rakhne chale jaye...,पागल कुत्ते ने काटा है तो हमारी धरती मैया की गोद छोडकर अनजान अंतरिक्ष मे मौत के मुँह मे रहने चले जाये....,0.9985,0.9868,0.0117,1
train-520,train,1,"Jise hotel me saree peke ke nahi jana hai waha bharatiya khana bana ke roke bole, jab saree peke ke nahi a sakte to bharatiya thali bhi nahi banane denge aur bharatiya logo ke koi mat jana hotel dekho kaise band hota hai 🤣🤣 Aur hotel walo ke bole English kapade peheno aur jise is hotel me bharatiya kapde pehene wale ke bole hai uske kahio jao jahan angrez rehte hai waha bada hotel ye band karo",जिस होटल मे साड़ी पहन कर  नहीं जाना है वहा भारतीय  खाना बने से रोको बोलो ज़ब साड़ी  पहन कर नहीं आ सकते तो भारतीय टिस भी नहीं बनाने देंगे और भारतीय  लोगो भी कोई मत जाना होटल देखो कैसे बंद होता है 🤣🤣और होटल वालों को बोलो अंग्रेजी कपड़े पहनो और जिसने इस होटल मे भारतीय कपडे पहने को बोला है उसे कहो जा कर जहाँ अंग्रेज रहते है वहा बड़ा होटल ये बंद कर,0.0219,0.4402,-0.4183,1
train-527,train,1,Tujhe jaana beta,तुभी जाऐ गा बैटा,0.0055,0.0097,-0.0043,1
train-526,train,0,"Besharami ka hadd paar kar re ho comedy banaane ka aur bhi jarriya hai, kya saza hai yeh?",बेशर्मी का हद पार कर रहे हो कॉमेडी बनाने का और भी जरिया है,0.9969,0.9711,0.0257,2
train-528,train,0,"Ye haiwan zindabad madarchod, tere randi bahan ki chut me hathi ka pair ghusa dunga madarchod randi ki aulad.",⚔️☠️हैवान👹ज़िन्दाबाद☠️⚔️ᴍᴀᴅᴀʀᴄʜᴏᴅ. ᴍᴜʟʟᴇ. ᴛᴇʀɪ. ʀᴀɴᴅɪ. ʙᴀʜᴀɴ. ᴋɪ. ᴄʜᴜᴛ. ᴍᴇ. ʜᴀᴛʜɪ. ᴋᴀ. ᴩᴀɪʀ. ɢʜᴜꜱᴀ. ᴅᴜɴɢᴀ. ᴍᴀᴅᴀʀᴄʜᴏᴅ. ʀᴀɴᴅɪ. ᴋɪ. ᴀᴜʟᴀᴅ.,0.9993,0.9993,-0.0,1
train-530,train,1,Shubh raat Fred ji 🤗,शुभ रात्रि फ्रेड जी 🤗,0.0046,0.0049,-0.0003,1
train-532,train,1,Waise dono se hi nazar se gir chuke hain.,वैसे नजरो से दोनो ही गिर चुके हैं।,0.0066,0.009,-0.0024,1
train-533,train,1,Aap Divya Bharti jaisi dikhti ho,आप दिव्या भारती जैसी दिखती हो,0.0048,0.007,-0.0022,1
train-531,train,1,"Rona hoga aadmein bhi us din, jis raat vo burri gadi aayi thi, dharati bhi theratherayi thi, jab saein mein goliyon ki lagne ki aawaj thi, ma ke aankhe to raasta dekh rahi thi ki kab uske beta lautke aayega, tabhi patni ke rone ki aawaj gujji thi jab uske pati ke maut ki khabar aayi thi, har aankhe nam ho gayi thi is desh ki jab 40 faujion ke shaheed hone ki news aayi thi.","रोया होगा आड़में भी उस दिन, जिस रात वो बुरी घडी आई थी, धरती भी थिरथिराई थी, जब साइन में गोलियों की, लगने की अवजथि, माँ की आँखे तो रास्ता देख रही थी, की कब उसका बेटा लौटकर आएगा, तभी पत्नी के रोने की आवाज गूंजी थी, जब उसके पति के मौत की खबर आई थी, हर आँखे नम हो गई थी इस देश की, जब 40 फौजियों के शहीद होने की न्यूज में खबर आई थी।।",0.035,0.025,0.01,1
train-534,train,1,"Bhabhi ji, apka number do ji I love you ♥",भाभी  जी आप  का नम्बर  दो जी  i love you ♥,0.0089,0.9989,-0.99,1
train-535,train,0,Bura chod bhai,बुर चोदब बा,0.9993,0.9992,0.0001,1
train-538,train,0,"Tu kutta hai, kutta hi rehna wala hai",कुत्ता है तू कुत्ता है,0.9985,0.997,0.0016,1
train-537,train,1,"Kalayug ke devta Ram Siya se kah gaye aisa kalayug aayega, hansi chugega, daan pani aur kauwa maujood aayega",कलयुग के देवता राम सिया से कह गए ऐसा कलयुग आएगा हंस चुगेगा दाना पानी और कौवा मौजूदा आएगा,0.0094,0.9486,-0.9392,1
train-536,train,0,"Students ne nahi, sarkari dangaai sanghiyon ne tod-fod ki, mard mehnga hai, chutiyon ki taliyaan tod diyaan","छात्रों ने नहीं सरकारी दंगाई  संघियों ने तोड़ फोड़  की,,,,",0.9957,0.9992,-0.0035,2
train-541,train,0,Abe bhonsdi ke kon sa role le raha hai,अबे भोंसड़ी के कौन सा रोल ले रहे,0.9992,0.9982,0.001,1
train-540,train,0,(•‿•) :- saza ban jaati hai :-) gujre hue waqt ki nishanien n jaane kyun (kuch waqt ke liye meherbaan hote hai log (•‿•) (●♡∀♡) 😦😦🤔🤔,(•‿•) :-सजा बन जाती है          :-) गुजरे हुए वक़्त की निशानियां   न जाने क्यूं             ( कुछ वक़्त के लिए  मेहरबां होते है लोग(•‿•)   (●♡∀♡) 😦😦🤔🤔,0.9985,0.999,-0.0005,1
train-539,train,0,Peepal go fuck ur maa bhool gaya pagal,पीबी आई मां को भूल गया पागल,0.9676,0.9993,-0.0316,2
train-543,train,1,❤❤DAROGA HAPU SINGH KAHTE HAIN GORI MA'AM KALA KAPDA ❤❤AAP PAR BAHUT ACCHI ❤❤LAG RHI HAIN,❤❤दरोगा हपु सिंह का कहना है गोरी मैडम काला कपड़े ❤❤आप पर बहुत अच्छी ❤❤लग रही है,0.0044,0.0044,-0.0,1
train-544,train,0,"Kisi bhi chamche se nation ki akhandta, ekta aur suraksha ki baat karo, usko 2 minute baad hi Modi, petrol, diesel sab yaad a jata hai. Isliye chamcho ko kitna bhi samjha lo, chamcha to chamcha hi rehenga.","किसी भी चमचे से राष्ट्र की अखंडता, राष्ट्र की एकता और सुरक्षा की बात कर लो उसको 2 मिनट  बाद ही मोदी, पेट्रोल, डीजल, ये सब याद आ जाता है इस लिए चमचों को कितना भी समझा लो  चमचा तो चमचा ही रहेगा",0.9987,0.9282,0.0705,1
train-542,train,0,Salman ne toh... acha tarah pala hai use... Vikki toh ab utte hue ke pahanegi 😂😁,"सलमान ने तो ,,,,अच्छी तरह पेला है उसे,,,,विक्की तो अब उतरा हुवा पहनेगा😂😁",0.9962,0.982,0.0142,2
train-546,train,1,Wah bahut good sundar,वाह बहुत खूब  सुन्दर,0.0051,0.0159,-0.0108,1
train-545,train,0,"Kabhi to bahan chod badiya video banale, sirf choochi dikha ke khubsurat nahi lagti. Shakal bhi honi chahiye. Jyada paisa kamane ka shauk hai to market me utar ja, ₹100 har ek maal, bahut saare paisa kamalegi.",कभी तो बहन चोद बढ़िया वीडियो बना ले सिर्फ चूची दिखाने से खूबसूरत नहीं लगता शक्ल भी होना चाहिए ज्यादा पैसा कमाने का शौक है तो मार्केट में उतर जा ₹100 हर एक माल बहुत सारे पैसे कमा लेगी,0.9992,0.9986,0.0006,1
train-549,train,1,Kya ji aap toh bahut good lag rahi ho,क्या जी आप तो बहुत अच्छे लग रहे हो,0.0047,0.0065,-0.0018,1
train-550,train,0,Jyada dharma karane wale hi adharma ban rhe hain,ज्यादा धर्म कराने वाले ही अधर्मी बन रहे हैं,0.9916,0.9923,-0.0007,1
train-551,train,0,Ye bacche hamare desh ka bhavi hai lekin hamare desh ke nete isko nahi samajhte saale,ये बच्चे हमारे देश का भविष्य है  लेकिन हमारे देश के नेता यह नहीं समझते साले👿,0.9984,0.9922,0.0063,1
train-552,train,1,Haha ha ha,हा हा हा हा,0.006,0.0064,-0.0004,2
train-553,train,1,"Nai gunda raj, nai corruption wali BJP govt jo pure majority leke aayi hai",न गुंडा राज न भ्रष्टाचार पूर्ण बहुमत की भाजपा सरकार,0.0096,0.9814,-0.9718,1
train-555,train,1,Mast video hai yaar,मस्त व्हिडिओ हाय,0.0051,0.9279,-0.9228,1
train-554,train,1,"Teri ""beyrukhi"" ne chhiin li meri sharaarat... aur log samajhte hain ki main ""sudh"" gayi hoon..!!!","________  तेरी ""बेरुखी"" ने छीन ली है शरारतें मेरी.. और लोग समझते हैं कि मैं ""सुधर"" गई हूँ..!!! _________",0.0057,0.0136,-0.0079,1
train-556,train,0,"Tu itni doodh se dhuli hai, kya checkar saali",तू  ईतनी  दुध  से  धुली  है  क्या  छेकड  साली,0.9985,0.969,0.0296,1
train-557,train,1,Tumhara name kya hai,तुम्हारा नाम क्या है,0.0075,0.013,-0.0055,1
train-558,train,1,Sharam a gayi kya,शरमा गई का,0.0151,0.9606,-0.9455,1
train-559,train,1,Sare beautiful cheezein be-wafa hoti hain 😴,😴हर खुबसूरत चीज बेवफा होती है 😴,0.0047,0.0049,-0.0003,1
train-560,train,0,"Galat hai, ake ilaj karo. Sidarth Shukla is handsome, attractive sexy boy 💯 aur iski aankh hi acchi nahi hai, papita jaisi sakal ka 🍅🍊","गलत है 👁️का इलाज कराओ 🤦   सिदर्थ शुक्ला इज हैंडसम आकर्षक  सेक्सी बॉय 💯  और इसकी 👁️ ही अच्छी नहीं है ,पपीता जैसी सकल का 🍅🍊",0.9969,0.999,-0.0022,1
train-561,train,1,Maine toh in smiling bacchon ki photos ko bahut accha laga hai.,मुझे तो यह मुश्कराते हुए बालिकाओं के चित्र बहुत अच्छा लग रहा है।,0.0047,0.0065,-0.0018,1
train-562,train,0,Tum fati hue condom ki kahani ho,फटे हुए कंडोम की कहानी हो तुम,0.9991,0.9871,0.012,1
train-563,train,1,"Maine bhi aapki video share kar diya hai ji haan dost, aap bhi karo ❣️❣️💖💖❤️🌹🌹👌👌",मैंने भी आपकी वीडियो शेयर कर दिया है जी हां दोस्त आप भी करो ❣️❣️💖💖❤️🌹🌹👌👌,0.0044,0.0044,-0.0,1
train-565,train,0,"Pagal hai kya be, kisi ka feeling hota hai, morakh aisa video mat banao pagal",पागल है का be किसी का फीलिंग होता है मूर्ख ऐसा वीडियो मत बनाओ पागल,0.9983,0.9825,0.0158,1
train-567,train,1,"Chori toh gaddari hai, itna bura kaam hai",चोरी बुरी बात है,0.0159,0.9987,-0.9828,1
train-570,train,1,"Sach ke rahi ho, mera to ho chuka hai sir",सच कह रही हो मेरे साथ हुआ है सर,0.0049,0.0067,-0.0017,1
train-569,train,1,"ED la mami cha finance wala na dikhay, mama aur mami ki chookashiyala na karta.",ईडी ला मामी चा फायनान्सर दिसत नाही का  मामा व मामी ची चौकशी का नाही करत,0.0057,0.0303,-0.0246,1
train-572,train,1,Phir kaise karein,फिर कैसे करें,0.0054,0.0073,-0.0019,1
train-571,train,0,Ek randi haraam ki aulad ke saath ghum rahi hai,एक रण्डी हराम की औलाद के साथ घूम रही है,0.9993,0.9966,0.0027,1
train-573,train,1,Thik hai video,ठिक है  विडीयो,0.0048,0.0089,-0.0041,1
train-575,train,1,"Bahut he accurate tareeke se likha gaya, shabd ka taal mel he. Name Kamalesh Kumar Mishra, patrakar Basdeh, Gudari Bazaar, Balia district, UP. Akhil Bharatiya Congress Committee reporter Kolkata media West Bengal. Welcome, baganle Kamalesh Kumar Mishra, patrakar Basdeh.",बहुत ही सटीकता के साथ लिखा गया शब्दों के ताल मेल का इजहार है नाम कमलेश कुमार मिश्र पत्रकार बासडीह गुदरी बाज़ार जिला बलिया उत्तर प्रदेश अखिल भारतीय कांग्रेस कमेटी रिपोर्टर कोलकाता मीडिया वेस्ट बंगाल वेलकम बगांल कमलेश कुमार मिश्र पत्रकार बासडीह,0.0045,0.0108,-0.0063,1
train-576,train,1,Sahi kaha aapne,सही कहा आपने,0.0053,0.0065,-0.0012,1
train-574,train,0,"Abe saali, muh marke shant ho jao kyun dikhara rahi ho",Abe साली मुठ मार कर शांत हो जा क्यों दिखा रही है,0.9992,0.9663,0.0328,3
train-577,train,0,I love you meri jaan chodne ka mana hai aur gand marne wala nahi dooge na babu***** bye,आई लव यू मेरी जान  चोदने का मन है और गांड मारने का दोगे न बाबू***** बाय,0.9993,0.9993,0.0,1
train-578,train,0,Abe bhosdi ki jism na dikha aur apni gand mar wa,Abe bhosdi ki जिस्म ना दिका और अपनी गंद मर वा,0.9992,0.9993,-0.0,1
train-579,train,0,"Tum bhowkate raho, aayega toh Modi hi",तुम भौंकते रहो  आयेगा तो  मोदी ही,0.9989,0.9788,0.0201,1
train-580,train,0,"Woh kamina hai sala, apne papi p ke bhag gaya",Kamina है साला वो अपने पापी पि के भाग गया,0.996,0.997,-0.001,1
train-581,train,1,20 hi bache kyunki mara hue medak bhi talab me hai,20 ही बचे क्यूकि मरे हुए मेढक भी तालाब में ही है,0.0126,0.0219,-0.0093,1
train-582,train,0,"Chutiyo ki kami nahi hai, kisi ke baap ki jagah nahi hai onley BJP",चुतियो की कमी नहीं है दरवार किसी के बाप की जागिर नहीं है ओनली बीजेपी,0.9992,0.9968,0.0024,1
train-584,train,1,Mujhe to bahut accha laga,मुझे तो बहुत अच्छा लगा,0.005,0.0051,-0.0001,1
train-583,train,0,"A sa, le kutua teri behen chud rahi hai mere se tez jhatke de rha hoon teri behan ki fatti chut dekhne aya hoon 😁","आ सा,😁ले कटूआ तेरी बहन चू-----द रही है मेरे से तेज झटके दे रहा हूं 😁 तेरी बहन की फटी चू 💋त देखने आ 😁😁😁😁",0.9992,0.9992,0.0,1
train-587,train,0,"Mullon ka desh hai, toh ghandi harakat to karenge hi 🤣🤣🤣🤣",मुल्लो का देश है घिनौनी हरकत तो करेंगे ही 🤣🤣🤣🤣,0.9968,0.9892,0.0076,1
train-586,train,1,"Charcha me hai to phir pehli teen hai, uske baad taroon se pani pina hai",चर्चा में है तो फिर पहली तीन है तो उसे तुरंत बाद पानी पीना है,0.0113,0.9904,-0.9791,1
train-585,train,1,"Aaj ke dour me jab insaan thak kar ghar aata hai to us bechara ko hi nahi pata hota mere paon kahan hain aur sar kahan hai, neend use apni aap apni aagosh mein le leti hai. Ek purani kahawat hai jab neend aati hai to kante wala bisatar bhi phool ka vistar lagne laga jata hai, warna neend ki golli lekar bhi logon ko neend nahi aati.",आज के दौर में जब इंसान थका हुआ घर आता है उस बेचारे को यही नहीं पता होता मेरे पैर किधर हैं आैर सर किधर है  नींद उसे अपने आप अपने आगोश में ले लेती है  एक पुरानी कहावत है जब नींद आती है  तो कांटों का बिस्तर भी फूल का विस्तर नजर आने लगता है वरना नींद की गोली लेकर भी लोगों को नींद नहीं आती,0.0113,0.9703,-0.9589,1
train-588,train,1,"Main aapse pyar ka chinta karta hoon, bas aapki chahat aur dil ka chahna mang raha hoon",❤❤जान देने से प्यार मिल जाता है मै आप से जान नही ❤❤मांग रहा हु बस आप की ❤❤चाहत आप का प्यार और दिल मागता हु ❤❤,0.0043,0.0062,-0.0019,1
train-590,train,0,"Pakistaan baccha tha, baccha he reh jayega. Jo Pak ko apna baap samjhte hai woh shauk se apne baap ke paas chale jaye, kam se kam Hindustan se kuch dimag to saaf ho jaye 😂😂😂😂😂",पाकिस्तान बच्चा था बच्चा ही रहेगा जो पाक को अपना बाप समझते हैं वो शौक से अपने बाप के पास चले जाएं कम से कम हिन्दुस्तान से कुछ दिमग तो साफ होगें 😂😂😂😂😂,0.9899,0.9382,0.0517,1
train-591,train,1,Chidiya bina paani ke ghar banati hai,चिड़िया बनाती है बिना पानी के घर,0.012,0.0095,0.0025,1
train-592,train,1,"Tum mere WhatsApp number ko unblock karo na, usme meri dp lag hai or na number kisi ko yaad hai",तुम मेरा WhatsApp नम्बर अनबिलोक करो ना उसमे मेरी dp लगी है ओर ना नम्बर किसी को याद है,0.0115,0.0138,-0.0023,1
train-593,train,0,Chal teri bahan ki bur chakke,चल तेरी बहन की बुर छक्के,0.9993,0.9961,0.0031,1
train-594,train,0,Tab tumhari gand mara Team India,तब तुम्हारी गांड मारे टीम इंडिया,0.9993,0.9927,0.0065,1
train-595,train,1,"Maine tumko chahaa, tumse pyar kiya, kuch socha na samjha dil ka rog liya, 💕","मैंने तुमको चाहा तुमसे प्यार किया, कुछ सोचा ना समझा दिल का रोग लिया,, 💕",0.0047,0.0094,-0.0047,1
train-596,train,0,"Sunder to sahi hai, but bekaar me chhoti kapda me video banti hai","सुंदर तो सही में है,बेकार में छोटी कपड़ा में वीडियो बनाती है",0.9908,0.9707,0.0201,1
train-597,train,1,"Galat hai, like ke liye kisi masoom animal ko takleef dena galat hai",गलत है लाइक के लिए किसी मासूम जानवर को तकलीफ देना गलत है,0.007,0.7631,-0.7561,1
train-598,train,1,Jay Mata Di 🙏,🙏जय‌🤗 माता दी 🙏,0.0046,0.0049,-0.0003,1
train-599,train,1,Hi amkesan. Poi🤣🤣😉😉😍😍😋☺,Hi अमक्षण ।poi🤣🤣😉😉😍😍😋☺,0.0058,0.0062,-0.0004,1
train-600,train,0,Niche wala utar be-sharam,निचे बाला उतार बेशर्म,0.9991,0.9976,0.0016,1
train-603,train,1,"Puchna yeh tha ki jaise jehar ko jehar marata hai, loha lohe ko katata hai... toh thand mein sharir par barf ragneda seekh sakte ho kya 🤔🙄",पूछना ये था की जैसे जहर को जहर मारता है लोहा लोहे को काटता है..  तो ठंड में शरीर पर बर्फ रगड़ सकते हैं क्या  🤔🙄,0.0158,0.9653,-0.9495,1
train-602,train,1,"Shadi karna hai to sidhi sadhi sharmili ladki se karo, ye high-life wali ladki ko kyun pasand karta hai tum?",शादी करना है तो सीधी साधी शर्मीली लड़की से करो यह हाई-फाई वाली लड़की को पसंद करते हो,0.892,0.9228,-0.0308,1
train-604,train,0,Teri chut tanga uthake lete hain,तेरी च** टांग उठा कर लेंगे,0.9993,0.9992,0.0,1
train-605,train,1,"Sab ek jaisa nahi hote hai, sab kisi na kisi tarah alag hote hai yaar",सब एक जैसे नहीं होते हैं,0.0124,0.0059,0.0066,1
train-607,train,1,Aapke liye special mei good morning ji happy sunday 🍒🍒🍒🍒🍒🍒🍒🍒🍒🍒🍒🍒🍒🍒🍒🍒🍒🍒,आपके लिए स्पेशल में गुड मॉर्निंग जी हैप्पी संडे 🍒🍒🍒🍒🍒🍒🍒🍒🍒🍒🍒🍒🍒🍒🍒🍒🍒🍒,0.0043,0.0043,0.0,1
train-606,train,0,"Aur anye dharmavalmbee teen shabd bol kar patniyaan chhod dete hain. Ek janm kya das varsh bhi nibha nahi paate hain. Yahan to saat-saat janmon tak ka bandhan ki kasam lete hain. Isliye kuch kuttay ko peeda hoti rahi hai. Jai Hind, Vande Mataram, Jai ho Sanatan Dharam",और अन्य धर्मावलंबी तीन शब्द बोल कर पत्नियां छोड़ देते हैं। एक जन्म क्या दस वर्ष भी नहीं निभा पाते हैं। यहां तो सात- सात जन्मों तक का बंधन की कसमें खाते हैं। इसीलिए कुछ कुत्तों को पीड़ा होती रही है। जय हिन्द वन्देमातरम् जय हो सनातन धर्म,0.9854,0.993,-0.0076,1
train-609,train,1,"School band hai, but daru ki dukaan khuli hai. Desh terki kar raha hai, bacche anpadh ho raha hai",स्कूल बंद है दारू की दुकान खुली है देश तरकी कर रहा है बच्चे अनपढ़ हो रहे,0.7044,0.0266,0.6778,1
train-610,train,1,Mere bhai se shaadi karoogi,मेरे भाई से शादी करोगी,0.0073,0.9551,-0.9478,1
train-611,train,1,"Bacche se kabhi joke nahi karna chahiye, baccha gussa ho jata hai",बच्चे से कभी मजाक नहीं करना चाहिए बच्चे को गुस्सा आ जाता है,0.0177,0.0142,0.0035,1
train-612,train,1,Dostie pehle badme pyaar,दोसती पहले बादमै प्यार,0.0213,0.0059,0.0155,1
train-613,train,1,Ye duniya meaning hai hi madam,ये दुनिया मतलब की ही है मैडम,0.0292,0.0062,0.023,1
train-614,train,1,Logon ka talent ghar se bahr nahi nikal paya hai,लोगो का टैलेंट घर के बाहर नहीं निकल पाता है,0.0064,0.0209,-0.0145,1
train-615,train,0,"BJP kya kar rahi hai, dekh lo—kutta ke pilli ki 15 din me eyes open ho jati hai, socho lo",Bjp क्या कर रही है ये देखो कुत्ते के पिल्ले की 15 दिन में आँख खुल जाती है सोचलो,0.89,0.9601,-0.07,1
train-617,train,0,Log pagal he kya.. na jane kya kya karte rehte hain. Ab JCB pe kon shadi karta hai. 😂😂😂😜,लोग पागल हे क्या ..ना जाने क्या क्या करते रहते हैं। अब J C B पे कोन शादी करता है। 😂😂😂😜,0.9619,0.9798,-0.0178,1
train-616,train,1,"Single choron aur chorion meri post par aaye, Kundli mila ke setting karayega agar koi acchi ladki mili to khud bhi kar lunga🙈😂😝🤣😁",सिंगल छोरों और छोरियो मेरी पोस्ट पर  आए कुंडली मिला कर सेटिंग करायी  जायेगी अगर कोई अच्छी लड़की मिली  तो खुद भी कर लूंगा🙈😂😝🤣😁,0.0234,0.0155,0.0079,1
train-618,train,0,"Chuchi tight hai, chusna hai",चूची टाइट है चूसना ह,0.9993,0.9989,0.0003,1
train-619,train,0,"Kapas ghadha, ghadhe ki tarah dimaag bhi hai",कपास गधा गधे की तरह दिमाग भी है,0.999,0.9817,0.0173,1
train-620,train,0,"Ye Sharechat ke kuttay hum hinduon ko rok rhe he hindutv ko aage lene se, kisi karan ke bina comment show nahi hone de rhe",ये शेयरचेट के कुत्ते हम हिन्दूओ को रोक रहे हे हिन्दुत्व को आगे लाने से बिना किसी कारण के कॉमेंट शो ना होने दे रहे,0.9895,0.9956,-0.0061,1
train-621,train,0,Madarchod sab randi ka beta hai suvar,Madhrchod sab रण्डी का ओलाद है सूवर,0.9993,0.9993,0.0,1
train-622,train,0,"Post karne se pehle dekh lete hai song ka kiske ka hai, kyun lagaye bhagwan ko badname karne me chutiya",पोस्ट करने से पहले यह तो देख लेता है सॉन्ग किसका क्या है भगवान को क्यों बदनाम करने में लगे चुटिया,0.9991,0.9992,-0.0001,1
train-624,train,0,Teri ma ki chudai,तेरी माँ की चुदा,0.9993,0.989,0.0103,1
train-623,train,0,Koncha maa chud bolay as,कोनता मादर चोद बोला अस,0.9993,0.9992,0.0001,1
train-625,train,1,Sanchita Basu ke aur video dekhne ke liye mujhe follow karo please guys 🙏🏻,संचिता बसु के और वीडियो देखने के लिए मुझे फॉलो करें please guys 🙏🏻,0.0089,0.0291,-0.0202,1
train-626,train,1,"Kya baat hai abe ladkiyan dil 💜❤ se👉👈🌹 comments nahi kar rahi, tabhi to main soch raha hai dil 💜❤ udas 😭 kyun rehta hai yaar 😛😛",क्या बात है आजकल लडकिया  दिल💜❤ से👉👈🌹 कमैंट्स नहीं कर रहीं तभी तो मैं सोचूँ दिल💜❤ उदास😭 क्यों रहता है👈 😛😛😛😛,0.0046,0.0068,-0.0022,1
train-627,train,1,"Hijr mein kisi ko mar jaye, maine soya hi nahi.",आई होगी किसी को हिज्र में मौत मुझ को तो नींद भी नहीं आती।,0.0082,0.007,0.0013,1
train-628,train,1,Meri betuki si baaton par wo bahut honsa tha... Ek shakhs meri khushi ke liye zindagi se bahut lada tha.,मेरी बेतुकी सी बातों पर वो हंसता बहुत था…. एक शख़्स मेरी खुशी के लिए जिन्दगी से लड़ता बहुत था..,0.0049,0.0131,-0.0082,1
train-631,train,0,Bhag bhosdri ke,भाग भोसड़ी के,0.9993,0.9992,0.0,1
train-630,train,1,Haan aur hamen apne dil ke andar rakhoge to garmi milta rahega nahi to tum log thanda se maroge 😍😄😄,हां और हमें अपने दिल के अंदर रखोगर्मी मिलता रहेगा नहीं तो तुम लोग ठंड  से मारा जावोगी 😍😄😄,0.0064,0.9609,-0.9545,1
train-632,train,1,"Or batao ji, uski saadi hogayi hai, o chhod ke chali gayi hai to usse kya kehna?",और बताओ जीनंकी सादी होगई है ओ छोड़ के चली गई हो तो उसे क्या बोले,0.024,0.9934,-0.9694,1
train-633,train,1,Abki baar BJP ki sarkar🚩🚩,अबकी बार बीजेपी सरकार🚩🚩,0.0049,0.9572,-0.9524,1
train-634,train,0,Like lane ke liye kya kapna mat utaro,लाईक पाने के लीऐ कपणे मत उतारो,0.9988,0.9787,0.0201,1
train-636,train,0,"Ye pagli madness ban rahi hai, sirf naha rahi hai 😂🤣😂😂😂🤣",ये पगली पागल बना रही है   ये सिर्फ नहा रही है   😂🤣😂😂😂🤣,0.9775,0.9893,-0.0118,1
train-635,train,1,"Beta jee abke log pattaar ko bhi todte hai, ye to phir bhi dil hai",बेटा जी आजकल लोग पत्थर को भी तोड़ देते हैं यह तो फिर भी दिल है,0.008,0.9791,-0.9711,1
train-637,train,0,Goo kha pagal kamini kutte 🙉💩💩💩💩👎👎👎,गू खा पागल कमीनी कुत्ते 🙉💩💩💩💩👎👎👎,0.999,0.9986,0.0003,1
train-639,train,1,"Do rupee ki 80 chidiya, teen rupee ki 1 kabootar, 95 rupee ki 19 murga",दो रुपए की 80 चिड़िया तीन रुपए की 1 कबूतर 95 रुपए की 19 मुर्गा,0.0055,0.0132,-0.0077,1
train-638,train,1,"Un logon ko gyaan arjit karke ye desh vikreta hain. Vaise bhi aapko batadu, ghar nahi chhoda chudaya gaya tha",उन लोंगो ज्ञान अर्जित की ये तो देश विक्रेता है । वैसे भी आपको बता दु घर नही छोड़ा छुड़ाया गया था,0.008,0.9874,-0.9794,1
train-640,train,0,"Arey bas karo, band ho gayi chutiya bana",अरे बस करो बंद हो गई चुटिया बना,0.9992,0.9992,0.0,1
train-641,train,1,Agar bhool gaye ho toh male talaf bhi 😑😑😑😑😑😑😑😑😑😑😑 ek nazal ghooma te det lo 🤨🤨🤨🤨,अगर भूल गए हो मेले तलफ भी🙄🙄🙄🙄🙄🙄🙄🙄🙄🙄🙄 एक नजल घूमा ते देत लो 🤨🤨🤨🤨,0.0312,0.0342,-0.003,1
train-642,train,0,"Kabhi miloge kya tumse, bahut pyar ho gaya hai. Rani bana ke rakhunga tumko, dil me sajaunga. Mere paas aoge kya? Nahi aayi tumhari ma ki bhosda",कभी मिलोगे क्या तुमसे बहुत प्यार हो गया है राणी बना के रखुंगा तुझे दिल मे सजाऊंगा मेरे पास आओगे क्या नाही आई तुम्हारी मा का भोसदा,0.9992,0.9969,0.0023,1
train-644,train,0,Madarchod apni behen se dhulwa lo na,मादर चोद अपनी बहन से धुलवा लो न,0.9993,0.9993,-0.0,1
train-645,train,0,Bhosdi ke kalma padh rahe ho,भोसड़ी के कलमा पढ़ रहे हो,0.9993,0.9962,0.0031,1
train-643,train,0,"Rahul Gandhi ne kaha - Bharat ""Union of States"" hai, koi ""des"" nahi hai...! Badi sham ki baat hai, aisi vicharadharao ne desh par 70 saal raj kiya...! 😡 BJP, Bharat ko rashtriya manati hai, aur Congress manati hai Bharat ko tukdon ka desh 😠😠","राहुल गांधी ने कहा- भारत ""यूनियन ऑफ स्टेट"" है कोई ""देश"" नहीं है...!  बड़ी शर्म की बात हे ऐसी विचारधारा ने देश पर 70 वर्ष राज किया ..!😡  भाजपा , भारत को राष्ट्र मानती है और कॉंग्रेस   मानती है भारत को टुकड़ों का देश😠😠",0.9971,0.9603,0.0368,1
train-646,train,0,"Pehle kiss kardunga, fir doodh piyunga, fir pura kardunga",पहले किस करूंगा फिर दूध पिऊंगा फिर पूरा करूंगा,0.9989,0.9931,0.0058,1
train-648,train,1,"Jao na, hum kuch bhi nahi karenge bas khush",जाने दीजिए हम कुछ भी नहीं करेंगे बस खुश,0.0053,0.0211,-0.0158,1
train-649,train,1,Anand hi jivan ka purpose hai,आनंद हाच जिवनाचा उद्देश,0.0047,0.0049,-0.0002,1
train-651,train,0,"Chunav aate hi kisi ke bhi paon me gir jana wa re PM sahab, aapne to girgit ko bhi piche chhod diya rang badalne me 😃",चुनाव आते ही किसी के भी पैरो में गिर जाना वा रे pm साहब आपने तो गिरगिट को भी पिछे छोङ दिया रंग बदलने में 😃,0.9947,0.998,-0.0033,1
train-650,train,0,"Afghanistan mein Allah ke bande hi Muslimon ka kitle aam kar rahe hain, unke upar koi Muslim post nahi kiya aur na hi koi virond sa lo makkaro, sharmanak hai tum logo ko, gazwa e hind ke chakkar mein apna vinash kar rahe ho",अफगानिस्तान में अल्लाह के बंदे ही मुस्लिमो का कत्लेआम कर रहे हैं उनके ऊपर किसी मुस्लिम ने पोस्ट नही किया और ना ही कोई विरोध  सा लो मक्कारो शर्म नही आती तुम लोगो को  गजवा ए हिंद के चक्कर में अपना विनाश कर रहे हो,0.9987,0.9808,0.0178,1
train-653,train,1,"Soumya kya kar rahi ho, aapka mein natak bahut dekhti hoon",सौम्या क्या कर रही हो आपका में नाटक बहुत देखती हूं,0.0091,0.0054,0.0037,1
train-652,train,0,"Ab jo gher rhe Modi ji aur Shah ji, in sab ke charo khane chit kar dega aur ye yunhi bhukte rheinge ab in logon ki ultiti giniti shuru",अब जो घेर रहे मोदीजी और शाहजी इन सब के चारो खाने चित कर देगा और ये यूंही भोकते रहेंगे अब इन लोगों की उल्टी गिनती शुरू,0.9945,0.9709,0.0236,1
train-655,train,1,Kya Gorkhpur vaccine ke case me?,कहिया गोरखपुर टीके,0.0059,0.022,-0.0161,1
train-656,train,0,Inko kapde utarke sukoon milti hai 💋💋💋,इनको कपड़े उतार कर सुकून मिलता है 💋💋💋,0.997,0.9916,0.0054,1
train-657,train,0,"Ek thapi mein bhains gir jayegi pagle, itna jor kyun lagaya hai",एक थापि मे भैंस गिर गाएगी पगले जोर लगा रहाहै,0.9808,0.988,-0.0072,1
train-659,train,1,Phone to uthao jee aur daddy ko milao jee... unke future son in law ki baat unse karwao jee 😻😉😼,फोन तो उठाओ जी और डैडी को मिलाओ जी... उनके फ्यूचर सन इन लॉ की बात उनसे करवाओ जी😻😉😼,0.0132,0.0281,-0.0149,1
train-658,train,0,"Pore kapde hee khul diyo, yeh kyun rakh rhe ho aapne, bacche bhi dekte hain video, ok thodi sharm karo please sis request hai aapse",पुरे कपडे ही खोल दो यह कियो रखें है आपने बच्चे भी देखते हैं वीडियो ओके thodi sharm karo please sis request hai aapse,0.9985,0.9751,0.0234,1
train-660,train,1,Afghanistan me bhi lagar chalaao ja raha hai,अफगानिस्तान में भी लगर चलाओ जा कर,0.0182,0.0163,0.0019,1
train-662,train,1,Mere dil ka chain ho araam se sone wale ko kahin jamin par bharosa kiya hai maine,मेरे दिल का चैन हो आराम से सोने वाले को कही जमीन पर भरोसा किया है मैने,0.006,0.011,-0.005,1
train-663,train,1,Aapki video dekhte hue,आपकी वीडियो देखते हुए,0.0081,0.0098,-0.0018,1
train-664,train,0,"Bhosdike wale itni late me mar raha hai, talwar ko bahut kuch wale randi hai m******",भोसड़ी वाले इतनी लेट में तो मार रहा है तलवार को बहुत कुछ वाले रंडी है म******,0.9993,0.9993,-0.0,1
train-666,train,0,Itna bada toh bahut chhota hai aur bada hona chahiye,इतना बड़ा तो बहुत छोटा है और बड़ा होना चाहिए,0.0947,0.0366,0.0581,1
train-665,train,1,Apne woh na hota jo... 🙏🌹🌹🌹 tassveer mein saath ho apne woh hote hai... 🙏🌹🌹🌹 jisse har taklif mein saath ho... 🙏🌹🌹,अपने वो नहीं होते जो .......🙏🏼🌹🌹🌹🌹तस्वीर में साथ हो अपने वो होते हैं........🙏🏼🌹🌹🌹🌹🌹 जो हर तकलीफ में साथ हो .......🙏🏼🌹🌹🌹🌹,0.0044,0.0044,-0.0,1
train-667,train,1,"Mere khamoshiyon mein bhi fasana dhoond leti hai, badi shaitan hai. Dunia maza lena chahati hai, koi bahan dhoond leti hai.",मेरी खामोशियों में भी फसाना ढूँढ लेती है बड़ी शातिर है दुनिया मजा लेने का बहाना ढूँढ लेती है,0.0075,0.0184,-0.011,1
train-668,train,1,"Ye entertainment kya hota hai, bata do na apne aap ko dimaag se samajh ke? 😒",ये अेनटरमेनट कया होता हे जरा बतायेगे आप💎🙏,0.0054,0.0279,-0.0225,1
train-669,train,1,"Jay Shivray, jay shambhu raje",जय शिवराय जय शंभू राजे,0.0045,0.0046,-0.0001,1
train-670,train,1,Jo ladki ko koi <number> larka na mile usse contact karo kyunki main bhi ladki khoj raha hoon 😘,जिस लड़की को कोई  <number> लड़का ना मिल रहा हो वो हमसे संपर्क करें क्योंकी मैं भी लड़की खोज रहा हूं😘,0.0051,0.0097,-0.0045,1
train-661,train,0,"Sofia Ansari ki dadi... ek raat ke 5 paise leti thi, ma ek raat ke 50 rupya le to thi, Sofia Ansari 500 leti hai aur Sofia Ansari ki hone wali ladki 5000 rupe le gai. Bhai logon ab se ladki ki booking kardo.","सोफिया अंसारी की दादी ...ऐक रात के 5 पैसे लेती थी,,, माँ ऐक रात के 50 रूपया ले तो थी,,,, सोफिया अंसारी 500 लेती है और सोफिया अंसारी की  होने वाली लड़की 5000 रुपये लगी।  भाई लोगों अभी से लड़की की बुकिंग कर लो।",0.973,0.9742,-0.0013,3
train-671,train,0,Uski kanghai ko public ka mik bana rakhi hai... wakuf bana rahi hai... 🤦🏻‍♂️🥴,कंघी को माइक बना रखी है पब्लिक को.. वेकुफ बना रही...🤦🏻‍♂️🥴,0.9982,0.9375,0.0606,1
train-672,train,1,Tumhe kuch cheez ki yaad nahi a rahi hai kya,तुम्हें याद नही आ रही है क्या कुछ चिज़ की,0.0071,0.9033,-0.8963,1
train-674,train,1,"Ladkiyan ziddi nahi hoti, bas unko apni baat manwa ke khushi mehsus hoti hai yaar","""Ladkiyan Ziddi नही होती  बस वो अपनी बात मनवा कर  ख़ुशी महसूस करती हैं""",0.0095,0.0149,-0.0054,1
train-675,train,0,Iske lips dekho toh aisa laga raha hai ki bahut saare cheetiyon aur madhumakhiyon ne khatm kar diya hai 😆😆😆😆😆😆🤣🤣🤣🤣🤣🤣🐝🐜🐝🐜🐝,इसके lip देख कर ऐसा लग रहा है कि बहुत सारे चीटियां और मधुमक्खियों ने काट लिया है 😆😆😆😆😆😆🤣🤣🤣🤣🤣🤣🐝🐜🐝🐜🐝,0.9978,0.9788,0.019,1
train-677,train,0,Pura hi dikhlana chuche wale,पूरा ही दिखला देते चूच,0.9979,0.9968,0.0011,1
train-673,train,0,"Puray Bharat desh me gai mata hai to Hindi bhasha ka hi prayog karo, kyun angrezi nahi aati hai aur garibon ki tarah kapda pehna chhod do. Agar Bharat ke to aap jawaani upar ja rahi hai aur kapda chhota ho raha hai. Pita ne bacpan me pure ang ko chhupa ke rakha aur jawan hone ke baad beti dikhayi rahi hai. Beti Bachao aur Padhao, aisi beti aur aise kapdon ko rok lagana padega. Aap logo ki wajah se garib ghar ki beti sikar hoti hai.",पुरे भारत देश में गाय माता है तो हिन्दी भाषा का ही प्रयोग करे क्यो अंग्रेजी नही आती है और गरीबो कि तरह कपडा पहनना छोड़ दो यदी भारत के तो आप जवानी ऊपर जा रही है और कपडा छोटा होते जा रहा  है पिता ने मा बचपन पुरे अंग को छुपा के रखा और जवान होने के बाद बेटी दिखा रही है बेटी बचाओ और पढाओ ऐसी बेटी और ऐसे कपडो रोक लगा दिया जाय  आप लोगो कि वजह से गरीब घर कि बेटी सिकार होती है,0.9974,0.998,-0.0005,1
train-676,train,0,"In Bollywood wale ghatiya logon ki films kisi nahi dekhega, ye koi achhe insaan nahi hai. In logon ko jab man karta hai utna shadi kar leta hai, phir baccho ko chhodkar dusra, tisra, chautha jitna man karta utna shadi karte rehte hai. Hum kisi cheez ko achhe ke liye karte hai, lekin in Bollywood neech ghatiya logon ki films dekhke aap aur aapke bacche galat soch lete hai. Agar ye drugs lete hai toh bacche sochte hai ke film ka hero le raha hai, toh main bhi le sakta hun, achha hai. Isliye apne baccho ko film se door rakhe.","इन बॉलीवुड वालों घटिया#** लोगों का फिल्म कोई नहीं देखेगा ये कोई अच्छे इंसान नहीं है इन लोगो को जब मन किया जितना शादी कर लेते फिर बच्चों को छोड़कर दूसरा तीसरा चौथा जितना मन करता उतना शादी करते । हम कोई भी चीज अच्छे के लिए करते हैं और इन बॉलीवुड नीच *""""घटिया लोगों के फिल्म देखकर आप और आपके बच्चो पे गलत असर पड़ेगा ये ड्रग्स#₹ ले रहे तो आपके बच्चे सोचेंगे ये तो फिल्म का हिरो लेता है यानी में भी लूं अच्छा है इसलिए अपने बच्चों को फिल्म से दुरी बनाये !",0.9991,0.9904,0.0087,1
train-678,train,1,"Pani mein girne se kisi ki jaan nahi jati, jaan tabhi jati hai jab tairna nahi aata. Paristhitiyan kabhi samasya nahi banati, samasya tabhi banati hai jab hume paristhitiyon se niptana nahi aata.",पानी में गिरने से किसी की जान नहीं जाती जान तभी जाती है जब तैरना नहीं आता परिस्थितियां कभी समस्या नहीं बनती समस्या तभी बनती है जब हमें परिस्थितियों से निपटना नहीं आता,0.0066,0.9059,-0.8993,1
train-680,train,0,Chal bhonsdi ki 😡😡,चल भोंसड़ी की 😡😡,0.9993,0.9975,0.0018,1
train-681,train,0,"Iske gand me danda daal do ticket ki ma ka bhosda, yogi ji",तिकेट की मा का भोसदा इसकी गांड me डंडा डाल दो योगी जी,0.9993,0.9992,0.0001,1
train-683,train,0,Sala Vedeso ka dalal hai,दलाल है साला वेदेसो का,0.9989,0.9915,0.0074,1
train-682,train,0,"Ye kutte dalle hai, kisan nahi.","ये कुत्ते दल्ले है, किसान नही ।",0.9967,0.9992,-0.0025,2
train-684,train,0,"Hmare 33 crore devi-devata hain unhe puja jata hai, tumko nahi — chutiya ho tum to Christian","हमारे 33, करोड़ देवी-देवता हैं उन्हें पुकारे गे तुम्हें नहीं चुतिया हो तुम तो ईसाई",0.999,0.9992,-0.0002,1
train-685,train,1,Sahi baat bahut chutti hai,सही बात बहुत चुभती है,0.0184,0.9969,-0.9785,1
train-686,train,0,Bahanchod ye government kisi ko jeene nahi degi,Bahanchod ye सरकार किसी को जीने  नही degi,0.9992,0.9993,-0.0,1
train-687,train,1,Mere haveli pe aao babu,मेरे हवेली पे आओ बाबू,0.0052,0.9848,-0.9797,1
train-689,train,1,Bhagwan tere dhande ko aur badhaye,भगवान तेरे धंधे को और बढ़ाएं,0.97,0.0054,0.9646,1
train-690,train,1,Yaar meri nazar mat lagao........,यार मुझे नजर मत लगाया करो।.......,0.0058,0.0048,0.001,1
train-692,train,0,70 saal ka buddha ka lauda leke aayega toh tujh jaisi larki ko khola rakho tayyar raho,70साल के बुद्डा का लौड़ा लेने के लिए तैयार रहती तेरे जैसी लड़की खोल कर रखना,0.9986,0.9976,0.001,1
train-693,train,1,Agar aapke se permit ho to hum aapse dosti karna chahte hain,अगर आपकी ईजाजत हो तो हम आपसे दोस्ती करना चाहते है,0.0049,0.966,-0.9611,1
train-694,train,1,Pehle gane ko fir ek expression ke saath video banao,पहले गाने को फिर एक एक्सप्रेशन के साथ वीडियो banao,0.0075,0.954,-0.9465,1
train-696,train,0,"Tu ya toh halala ki paidaish hai, ya phir hallelujah ki... bhadvi tu khud ko hindu kaise bol sakti hai. Mera daawa hai ki tu K2A wali hai.","तू या तो हलाला की पैदाइश है,या फिर हल्लेलुइया की ...🤨 भ ़डवी तू खुद को हिन्दू कैसे बोल सकती है 😡।। मेरा दावा है कि तू K2A वाली है।",0.9985,0.9847,0.0138,1
train-695,train,0,Maine kal bhi kaha tha ki ya to tu haramka paigle hai.. ya halleluia ki,मैंने कल भी कहा था कि या तो तू  ह ़लाला की पैदाइश है.. और या हल्लेलूइया की,0.9975,0.9269,0.0706,2
train-697,train,0,Jo customer bhaiya ke kutte mei rehna hai toh raho,जो कस्टमर बैंजो कुत्ते में रहने का,0.9701,0.9845,-0.0145,1
train-691,train,0,"Imandari par kalank hai ye dono Agra, kitne bade imandar hote to inke bhi do-chaar bacche hotey. Dono rand ke sund hai, agar inki ould hoti to inko beerojgar ke pani chakkar me mil jate.",ईमानदारी पर कलंक है यह दोनों आगरा कितने बड़े ईमानदार होते तो इनके भी दो चार बच्चे होते हैं दोनों रांड के  सांड है अगर इनकी औलाद होती तो इनको बेरोजगारी का एहसास होता,0.9979,0.9113,0.0866,3
train-698,train,0,"Abe sale, ye kya hai",अबे साले ये क्या है,0.9979,0.9976,0.0003,1
train-699,train,1,"Mera chain ben sab ujda jaalim, nazr hat le",मेरा चेन बेन सब उजडा जालिम नजर हटा ले,0.005,0.0049,0.0001,1
train-700,train,1,Sanso chura looge to main kaise jeeunga 🤗,सांसे चुरा लोगे तो मैं कैसे जिऊंगा 🤗,0.0055,0.0093,-0.0038,1
train-701,train,1,Mujhse dosti karo gi?,मुझसे दोस्ती करोगी,0.005,0.0212,-0.0163,1
train-703,train,1,Swami Prasad Maurya gaya Sapam hai aur dance karte hai Congressi 😄 Ye bechara itna garib hai ki padosi ki rasi ki khushboo se hi pet bhare.,स्वामी प्रसाद मौर्या गया सपा में है  और नाच रहे हैं कांग्रेसी 😄 ये बेचारे इतने गरीब हैं कि पड़ोसी की रसोई की खुशबू से ही पेट भर लेते हैं।,0.0278,0.0346,-0.0068,1
train-704,train,1,"Kisi tarah se to shadi ho rahi hai bichare ki, ab isko to hi nahi taalega 😂😂",किसी तरह से तो शादी हो रही है बिचारे की   अब इसको तो नहीं ही टालेगा 😂😂,0.011,0.9399,-0.929,1
train-702,train,0,Ek kamumra insaan ko ek boode insaan se paan chulwane me sharmanai chahiye. Sanatan sanskriti ke ye lakshana nahi hain.,एक कमउम्र इंसान को एक बूढे इंसान से पैर छुलवाने में शर्म आनी चाहिए । सनातनी सभ्यता के ये लक्षण नहीं हैं ।,0.9979,0.9801,0.0179,2
train-706,train,0,Teri jaisi shameless girl ab tak nahi dekhi,तेरे जैसी बेशर्म आज तक नहीं देखी,0.997,0.986,0.0109,1
train-705,train,0,Madam ji agar ap chuchi na dikhaye to apki video koi na dekhega isliye ap chuchi dikhate rehti ho har video me,मैडम जी अगर आप  चूची ना दिखाएं तो आपकी वीडियो कोई नहीं देखेगा इसीलिए आप चूची दिखाती रहती हैं हर वीडियो में,0.9993,0.9991,0.0002,1
train-708,train,1,"Follow karo, baad me wapas ho jayege",फॉलो करो बाद में वापस होगा,0.0067,0.092,-0.0852,1
train-709,train,1,Tu bahut sexy lagti hai,बहुत सेक्सी लगती है तू,0.0276,0.0056,0.022,1
train-707,train,1,"Gadi hi hai, char pair wala vager chalaye nahi chal sakti hai",गाड़ी ही है चार पैर वाला वगैर चलाये चल नहीं सकतीं,0.0069,0.9309,-0.924,1
train-710,train,1,"Aapki teen video share kar diya hai, meri bhi kardo plz",आपकी तीन वीडियो शेयर कर दिया है मेरी भी  कीजिए प्लीज,0.0054,0.0341,-0.0287,1
train-711,train,0,Kuch toh sharam kar lo 😂😂,कुछ तो सरम कर लो 🤣🤣,0.992,0.9643,0.0277,2
